School Name,CanopyID,NCES School ID
A2 Virtual+ Academy,1,
Academies of Hampton,2,510180002973
The Academy of Advanced Learning,3,080234006736
Albemarle Road Elementary School,4,370297001186
Alpena Career Tech Education Center,5,260273003984
Amana Academy,6,130228003535
American Academy of Innovation,7,490018601483
Anastasis Academy,8,A1790101
Armada High School,9,260324004042
Asa Messer Elementary School,10,440090000213
Aspen Academy,11,A0700350
Aspire Richmond Tech,12,060154713891
Atlanta Speech School,13,00298853
Austin Road Elementary School,14,130282000378
Avalon School,15,270018703140
Avanti High School,16,530618002689
Aveson Global Leadership Academy,17,060218112028
Barbara Morgan STEM Academy,18,160210000639
Barrington Middle School,19,440003000002
Bedford Homeschool Partnership,20,
Berrien Springs Virtual School,21,260543008175
Blackstone Academy Charter School,22,440003600246
Booneville High School,23,280082001024
Boston Day and Evening Academy,24,250004901245
Bronx Arena High School,25,360008506258
Canon City High School,26,080279000172
Casco Bay High School,27,230993000603
Center Line High School - Wall to Wall Academies,28,260858004404
Central Elementary School,29,440057000134
Charles W. Eliot PreK-8th Grade School,30,390437800440
Charles R. Drew Charter School,31,130012002453
Charlotte Lab School,32,370039103375
Chastain Road Elementary,33,450333001565
Childersburg Middle School,34,010318001756
CICS West Belden,35,170993006475
Cisco Elementary,36,481407000888
Citizens of the World Hollywood,37,060205012708
City Garden Montessori School,38,290058503101
Clarendon High School,39,050435000164
Coahoma Early College High School,40,280110000137
CodeRVA Regional High School,41,510025603031
Columbia Heights Educational Campus (CHEC),42,110003000396
Columbia High School,43,160234000870
Common Ground High School,44,090001400807
Community Lab School,45,
Compass Academy,46,080336006645
"Leaders of Excellence, Advocacy, and Discovery (LEAD)",47,360008406382
Conservatory Lab Charter School,48,250006001439
Crosstown High,49,470014802548
Dan D. Rogers Elementary School,50,481623001342
Da Vinci Extension,51,
DB EXCEL (Kingsport),52,
DC Bilingual Public Charter School,53,110004200273
[Non-Operating School] Denver School of Innovation and Sustainable Design,54,080336006640
Derry Elementary,55,483525003987
Design Tech High School,56,060232413774
Design39Campus,57,063153013729
Digital Pioneers Academy,58,110010900521
Du Bois Integrity Academy,59,130023704193
Duchesne High School,60,490024000162
e3 Civic High,61,060235013288
Early Technical College at Tennessee College of Applied Technology,62,
East College Prep,63,060196813898
USC Hybrid High College Prep,64,060234513094
Elmer G Bondy Intermediate,65,483432004691
Ember Charter School for Mindful Education; Innovation; and Transformation,66,360104806255
[Non-Operating School] Empower Community High School,67,080234006781
Envision Academy,68,060161410947
EPiC Elementary,69,291854003253
Evergreen Community Charter School,70,370007802430
Fannie Lou Hamer Freedom High School,71,360009001327
Farmington High School (UT),72,490021001537
Farmington High School (CT),73,090156000273
Strive Prep - Federal,74,080336002012
Oakland FlexTech High School,75,260104308495
Flushing International High School,76,360012205727
Francis T Maloney High School,77,090240000441
Francis W. Parker Charter Essential School,78,250003800581
Frank McCourt High School,79,360007806185
Fred Tjardes School of Innovation,80,080441006719
Future Public School,81,160018101100
Garden City,82,440024000050
Gem Prep Nampa,83,160020501080
Gibson Ek High School,84,530375003588
Girls Athletic Leadership Middle School,85,080336006473
Goochland High School,86,510165000686
Green Valley Ranch,87,080336006546
Grow Academy Shafter,88,060209114186
Gwendolyn Brooks College Preparatory Academy,89,170993002031
Hamilton County Collegiate High at Chattanooga State,90,470159001416
Mott Haven Academy,91,360096006013
High Tech High,92,060175308599
Highfalls Elementary School,93,370309001319
Highline Big Picture,94,530354002976
Holmes Central High School,95,280019501488
Holyoke High School,96,250627000900
Horizons Alternative Education School,97,260769001863
Howard Middle School for Math and Science,98,110005800308
IDEA Toros College Preparatory,99,480021113514
Urban Discovery High School,100,060155112318
Impact | Puget Sound Elementary,101,530034503653
Innovations High School,102,320048000869
[Non-Operating School] Iroquois High School,103,210299000753
John Barry Elementary School,104,090240000445
Juab High School,105,490045000334
[Non-Operating School] Kent Innovation High School,106,268062008464
Ketcham,107,110003000176
Kettle Moraine Explore,108,550351002914
KIPP Academy Lynn Collegiate,109,250008201845
KIPP Liberation,110,480026411548
Latitude High School,111,060151414257
[Non-Operating School] Launch Network at Stedman Elementary,112,080336000411
Lexington 4 Early Childhood Center,113,450279001548
Liberty Elementary School,114,240009000270
Lincoln Middle School (IL),115,170606000288
Lindsay Unified High School,116,062187002595
Lodestar,117,060175514027
Logan Innovations,118,490051000351
Madison Palmer High School,119,280381000730
Magnolia Montessori For All,120,480144212915
Manual Academy,121,173123003274
Map Academy Charter School,122,250058902885
Maple Street Magnet School,123,330594000709
Meadows Valley School PK-12,124,160206000826
Mena High School,125,050975000713
Meridian Technical Charter High School,126,160210000759
MetWest,127,062805011350
Mill Creek Middle School,128,261203000738
Mineola Elementary,129,483093003479
Minnesota New Country School,130,270009202487
[Non-Operating School] Mission Hill K-8 School,131,250279000946
Mission Vista High School,132,064119012341
Montpelier High School,133,500041000199
Native American Community Academy,134,350006000918
Nativity of Mary Catholic School,135,00701232
North Carolina School of Science and Mathematics,136,
Nettleton High School,137,051044000762
New Haven Academy,138,090279000547
New Legacy Charter School,139,080002006661
Noble High School,140,231470000512
Norris Academy,141,551071003072
North Edgecombe High School,142,370132000555
North Little Rock Middle School - 6th Grade Campus,143,051068001678
Northside Elementary School,144,051197000956
Nottingham Elementary School,145,484110004684
NYC iSchool,146,360007706065
Oakland High School,147,470369001523
Oasis High School,148,
Ocean Bay Middle School,149,450249001458
One Stone,150,
Orlo Avenue Elementary,151,440033000103
Pangburn High School,152,051107000835
Park View Elementary,153,370312001335
Parker-Varney Elementary,154,330459000254
Pasodale Elementary School,155,484668005332
Pea Ridge Primary/Intermediate,156,050303000071
Piedmont High School,157,402397001272
Pinckney Community High School,158,262814006385
Pine Tree Elementary School,159,330249000079
Pioneer Ridge Middle School,160,270819003180
Pittsfield Middle High School,161,330573000366
Polaris Charter Academy,162,170993005919
Port Huron High School,163,262883006475
[Nonoperating school] Powderhouse Studios,164,
Purdue Polytechnic High School - Englewood,165,180018302632
Radford High School,166,510318001345
Red Bank Elementary,167,450270001269
Reiche Community School,168,230993000273
River Bluff High School,169,450270001626
Rochester Middle School,170,330594000395
Rocky Mountain School of Expeditionary Learning,171,080000400709
Rooted School New Orleans,172,220033102529
Salem Church Elementary,173,510084000348
Salem High School (VA),174,510346002043
Saluda Trail Middle School,175,450387000537
Sanborn Regional High School,176,330608000479
Schoolcraft High School,177,263102006732
Science and Math Institute,178,530870003286
Scott Central High School,179,280390000748
SEEQS: the School for Examining Essential Questions of Sustainability,180,150003000298
Shamrock Garden Elementary School,181,370297001271
Shannon High School,182,481023013066
Shawnee High School,183,402757001463
Siloam Springs High School Conversion Charter,184,051245001003
Silverton School,185,080657001136
Sinai Elementary School,186,510177002769
Sisu Academy,187,
Soaring Heights Pk-8,188,080537006739
Social Justice Humanitas Academy,189,062271012895
The Social Justice School,190,110011500539
Solar Preparatory School for Girls,191,481623013321
South Rowan High School,192,370405001629
Souhegan Coop High School,193,330626000034
St. Alphonsus Catholic School,194,00699844
Statesmen College Preparatory Academy for Boys PCS,195,110011000518
Stilwell High School,196,402871001512
Rocky Mountain Prep - RISE,197,080336006689
Stuttgart Junior High School,198,051296001249
Summit Prep,199,060228711981
Taft Primary School,200,172076002358
Taos Academy Charter School,201,350011801055
Temple View Elementary,202,160153000269
The Creative School,203,110003000013
The Metropolitan Regional Career and Technical Center,204,440000300121
The NET Charter High School: Gentilly,205,220029302439
The Young Women's Leadership School of Astoria,206,360010205948
Don Tyson School of Innovation,207,051266001633
TRIO Wolf Creek Distance Learning Charter School,208,270023502689
Two Rivers Public Charter School: 4th Street Campus,209,110004500279
UCLA Community School,210,062271012524
Urban Assembly Maker Academy,211,360007706463
Urban Montessori Charter School,212,060181613008
Valley New School,213,550039003341
Valley View Middle School,214,271125002035
Valor Flagship Academy,215,470318002423
Valor Voyager Academy,216,470318002432
Vilas Elementary School,217,330299000120
Waimea Canyon Middle School,218,150003000092
Warren County High School,219,470435001749
Washington Leadership Academy,220,110010300510
Waukesha STEM Academy Saratoga Campus,221,551578002023
Weber Elementary,222,481428009249
West Side Collaborative Middle School,223,360007803603
West Woods Upper Elementary School,224,090156001368
Wheeling High School,225,170417000117
White Mountains Regional High School,226,330705000454
Whittle School,227,
William Smith High School,228,080234000084
Winterboro High School,229,010318001226
[Non-Operating School] Workspace Education,230,
Wynne Intermediate School of Innovation,231,051443001173
Ysleta Elementary School,232,484668005346
Cesar E. Chávez Multicultural Academic Center,233,170993000411
Virtual Learning Academy,234,330327100679
International School of the Americas,235,483294007513
5280 High School,236,080336006756
ACE Leadership High School,237,350006001074
Altona Middle School,238,080537001886
Ascension Catholic School,239,
Aspen Valley Prep Academy,240,060171410775
Avonworth High School,241,420282005199
Benjamin Banneker Charter Public School,242,250002200514
Bennington Junior-Senior High School,243,200396000165
Big Picture Educational Academy,244,060182912427
Big Picture South Burlington at South Burlington High School,245,500747000294
Blessed Sacrament Catholic School,246,01507405
Blue Valley Center for Advanced Professional Studies (CAPS),247,
Boston Arts Academy,248,250279001128
Brockton High School,249,250309000385
Camden BPL Academy,250,340264000579
City of Bridges High School,251,
Coastal Leadership Academy,252,450390901615
Community of Saints Regional Catholic School,253,
ConVal Regional High School,254,330248000067
Cornerstone Academy for Social Action Middle School (CASA),255,360008806107
Da Vinci RISE High,256,060221514355
DC International school,257,110009700492
Del Lago Academy,258,061291013061
Dighton Elementary School,259,200555001294
Dighton Junior-Senior High School,260,200555001296
DSST: Montview High School,261,080336001833
Durango Big Picture High School,262,080348006597
Eisenhower Elementary,263,261482005178
El Centro de Estudiantes,264,
Eliza Chappell Elementary School,265,170993000658
[Non-operating school] Embark Education,266,
Energy Institute High School,267,482364013046
Environmental Charter School,268,420081206819
EPIC Academy at Lamoille Union High School,269,500039700171
Escuela Verde,270,550006902920
Fugees Academy,271,
Fulton Academy of Science and Technology,272,130228004259
Futures Academy,273,
Galileo STEM Academy,274,160210000945
Glenwood Elementary,275,291518000691
Grand Rapids Public Museum School,276,
Great Oaks Legacy Charter School,277,340075103180
Greater Egleston High School,278,250279000837
Happy Hollow Elementary School,279,050612000321
Harrison High School,280,080453000667
Health Leadership High School,281,350006001098
Henry Ford Academy,282,260017101040
Highland Academy Charter School,283,020018000555
Highlands Micro School,284,
Hillbrook School,285,00083054
Huntley High School,286,171983002247
Ida B. Wells Middle School,287,110003000524
iLEAD Exploration,288,
Innovation Academy at Pembroke Academy,289,330558000359
Integrated Arts Academy,290,270819004310
International High School at Langley Park,291,240051001738
Intrinsic Charter School,292,170993006293
Iowa BIG,293,
John J. Cairns High School,294,062187005524
Journey Elementary,295,463135001288
Kennedy Elementary School,296,201284000723
LaFayette Big Picture at LaFayette Junior/Senior High School,297,361641001448
Lakeridge Elementary,298,530723001076
Lead Innovation Studio,299,292355003313
Leominster Center for Excellence,300,250678002779
Liberal High School,301,200873001286
Lincoln Middle School (AR),302,050894001363
[Non-Operating School] Living School,303,220031402466
Lonoke High School,304,050906000642
Mapleton Early Career Preparation ,305,080555001858
Achieve Community Charter School,306,340079203419
Marshall High School,307,050948000693
Matchbook Learning at Wendell Phillips,308,180019402642
Met Sacramento High School,309,063384011194
Methow Valley Independent Learning Center,310,530502002526
Mountain Academy at Teton Science School - Jackson Campus,311,A0303404
Nashville Big Picture High School,312,470318002136
Nawayee Center School,313,272124001903
New Orleans Accelerated High School,314,220032402498
New Orleans Charter Science and Mathematics High School (SciHigh),315,220028100234
New Village Girls Academy,316,060157111631
Newark East Side High School,317,341134002194
Newburgh Free Academy West,318,362070002910
Nipmuc Regional High School,319,250768001202
Big Picture Learning Windsor,320,060003414243
North Elementary School,321,540093001291
North Idaho STEM Charter Academy,322,160016001020
Northeast Academy for Aerospace and Advanced Technologies,323,370039403360
Northwest Passage High School,324,270017303041
NuVu High School,325,
Odyssey STEM Academy,326,062985014236
Olympic Hills Elementary,327,530771001228
Open School East,328,
Opportunities Academy,329,220030902475
Ottawa High School,330,200001500463
P.K. Yonge,331,120201502912
Pathways High,332,550007903064
Paulo Freire Freedom School -Downtown,333,040040703448
Paulo Freire Freedom School -University,334,040040702558
Pequea Valley High School,335,421890002649
Pittsburgh Colfax K-8,336,421917006022
Positive Outcomes Charter School,337,100000500013
Prairie School,338,
Provident Heights Elementary,339,484428005052
R5 High School,340,080435000623
RAMTEC,341,
ReNew Dolores T. Aaron Elementary,342,220019502021
Richards Middle School,343,261482005185
Rockcreek Elementary School,344,180036000079
Saint John Paul II,345,02120766
San Diego Met High School,346,063432011154
San Francisco Day School,347,A9101311
Science Leadership Academy,348,421899000923
Siembra Leadership High School,349,350006001117
SMASH (Santa Monica Alternative School House),350,063570007360
Sojourner Truth Montessori School,351,110011100535
Somerville High School,352,251089001745
South Bronx Community Charter High School,353,360114706595
Southside Elementary School,354,220102000771
SPARK School at Kyrene de las Manitas,355,040423000677
Stockton Elementary School,356,201206000401
Tacoma School of the Arts,357,530870002846
Tahoe Expedition Academy,358,A1300454
Technology Leadership High School,359,350006001112
The Center for Advanced Research and Technology (CART),360,
The Net: Central City,361,220018802340
The Springfield Renaissance School,362,251113002137
Tri-County Early College High School,363,370078002892
University Academy Upper School,364,290002702808
Valley Day School,365,A1303067
Van Ness Elementary School,366,110003000505
Vaux Big Picture High School,367,421899007661
Verdi EcoSchool,368,A1792034
Vista Grande Charter High School,369,350252001021
Waring School,370,02033839
Washtenaw Alliance for Virtual Education (WAVE),371,268099008165
Welte Education Center,372,080408000096
Wickliffe High School,373,390450801986
Winchester Thurston School,374,01197399
Young Women's College Preparatory Academy,375,482364012621
Young Women's STEAM Research and Preparatory Academy,376,481830013596
Bard High School Early College - Manhattan,377,360007605621
Wilder High School,378,160348000530
Zeta Bronx 1 Elementary,379,360117706638
Southeast Area Technical High School (SEA-TECH),380,370333003439
Olympic High School,381,370297001255
Next STEP High,382,
Oxford Virtual Academy,383,262724008274
Gull Lake Virtual Partnership,384,261725008242
Woods Learning Center,385,560451000262
"School of Industrial Design, Engineering and Art",386,530870003575
Madrona Elementary,387,530354000533
Frederick County Middle School,388,510147000649
Central Vermont Career Center,389,500044500119
River Bend Career & Technical Center,390,500043700118
Bellows Free Academy,391,
Putney School,392,
Randolph Union High School,393,500040000042
Hazen Union High School,394,500824300343
Missisquoi Valley Union Middle and High School,395,500043300195
Quest Academy,396,490013201218
Williams Elementary School,397,483432003856
Sam Houston Collegiate Preparatory Academy,398,483057003442
Hilton Head Christian Academy,399,01611813
Legacy Prep,400,010020102472
University Charter School,401,010019902452
i3 Academy,402,010020402476
Desert Spirit School,403,040342002281
Palo Verde Elementary School,404,040171000111
Western School of Science and Technology,405,040092403436
Bioscience High School,406,040633002670
Batesville Junior High School,407,050001900042
Alta Vista Innovation High,408,
Felicitas and Gonzalo Mendez High,409,062271012438
CHIME Institute's Schwarzenegger Community,410,060149008724
Tomorrow's Leadership Collaborative (TLC) Charter,411,060227214331
Renaissance Arts Academy,412,060176611314
Audeo Charter School II,413,060185514028
Crete Academy,414,060147014100
Yu Ming Charter School,415,060201312901
Chrysalis Charter School,416,060225311800
Grant Beacon Middle School,417,080336000357
Kepner Beacon Middle School,418,080336006686
Escuela Valdez,419,080336000420
McGlone Academy,420,080336001276
Great Oaks Bridgeport,421,090021901782
Inspired Teaching Demonstration Public Charter School,422,110008000437
Ballou Senior High School,423,110003000084
Anacostia High School,424,110003000085
Promise Academy,425,110003100419
Center City Congress Heights,426,110007300412
Eden Park Elementary School,427,440024000047
City Charter High School,428,420009400663
The Workshop School,429,421899007548
Building 21 Philadelphia,430,421899007534
The U School,431,421899007547
Charles Page High School,432,402688001405
The Urban Assembly School for Green Careers,433,360007806148
Urban Assembly Charter School For Computer Science,434,360118206634
Pelham Gardens Middle School,435,360008806322
PS 76 The Bennington School,436,360008802306
Community Roots Charter School,437,360015905898
PS 206 Jose Celso Barbosa,438,360007902694
Jasper High School,439,050824000545
The Museum School of Avondale Estates,440,130174004039
Clearmont Elementary,441,171377001711
Noblesville High School,442,180765001309
Rooted School Indianapolis,443,180022402709
PilotED Bethel Park,444,180020202661
Lewisburg Elementary,445,210354001545
Eminence High School,446,210171000332
Mālama Honua Public Charter School,447,150003000299
"Ke Kula ʻo Samuel M. Kamakau, LPCS",448,150003000276
"Ke Kula ʻo Nāwahīokalaniʻōpuʻu Iki, LPCS",449,150003000284
Lycée Français de la Nouvelle Orléans,450,220015902331
Bricolage Academy,451,220028902364
Nokomis Regional High,452,231478500729
Mattanawcook Junior High School,453,231477700789
Ella Burr Elementary,454,231477700787
Uxbridge High School,455,251185001938
High School for the Recording Arts,456,270016002955
"Dził Ditł'ooi School of Empowerment, Action, and Perseverance (DEAP)",457,350017401113
The Albuquerque Sign Language Academy,458,350012301066
Newport High School,459,330531000342
Salem High School (NH),460,330606000407
Dixon School,461,
Spring Grove School,462,
Minnesota Center for Advanced Professional Studies,463,
Level Up Academy,464,
Paladin Career and Technical High School,465,270034304133
The Forest School,466,
KM Global,467,550351002876
Da Vinci Communications,468,060150513832
Da Vinci Science,469,060241612208
Da Vinci Design,470,060197312410
Woodstock Union Middle/High School,471,500045000395
Burlington City & Lake Semester,472,
Winooski Middle High School,473,500936000389
EdVisions Off Campus School,474,270026103319
Link Learning,475,
Wish Community School,476,060221314196
Paramount Brookside,477,180008602478
West Michigan Virtual Academy,478,
Central Queens Academy - Middle School,479,360105606317
Manara Leadership Academy,480,480141513534
Arlington STEM Academy,481,480141513108
Irving Elementary,482,480141512439
Detroit Prep,483,260104808796
Exploration High School,493,
Tindley Summit Academy,494,180014802563
Revolution School,495,A2103361
PS 13 Clement C Moore,497,360009802081
Wilder Middle School,498,160348001091
Village High School,499,080192006434
Innovations Early College High School,500,490087001422
Launch High,501,490039001562
Liberty Academy,502,291854001665
Montessori Adolescent Program,503,A1790323
DREAM Charter School,504,360096406038
Brooklyn Free School,505,A0701595
Red Bridge,506,
Mesita Elementary,507,481830001703
ARISE High,508,060246212040
Winton Woods High School,509,390440801018
Creativity Challenge Community,510,080336006559
Nyos Charter School,511,480005808056
Long-View Learning,512,
Momentous School,513,A9304081
[Non-Operating] Forest Freedom School,514,
St. Paul School of Northern Lights,515,"270045805256, 270045805431"
George Washington Elementary,516,
Career Academy High School,517,180010102521
Richland Two Institute of Innovation (R2i2),518,450339001554
PS 86 Kingsbridge Heights,519,360008702332
Penrose Elementary School,520,080396000516
Middle Park High School,521,080432000596
Yampa Valley High School,522,080666001924
Elevate Academy Caldwell,523,160018901113
Slope School,524,A2390527
Charter School of San Diego,525,060187603939
Crossroads FLEX,526,370472003402
Springs Studio for Academic Excellence,527,080387006462
KIPP Philadelphia Preparatory Academy,528,420012200758
Brown County High School,529,180096000169
Helen S Dunn Elementary School,530,230618000165
Arsenal Technical High School,531,180477000801
Cabot School,532,500285000074
Turrill Elementary School,534,262118005837
CLK Engage at CLK Elementary School,535,260769004353 (parent school)
Mead Senior High School,536,530492000749
Northern Cass High School,537,380004400138
Grayson School,538,A1703032
Enosburg Falls Junior/Senior High School,539,500044400022
The Delta School,540,
Clark Street Community School,541,550951002882
Utah Career Path High School,542,490017101460
Milton Senior High School,543,500561000125
Brightworks,544,A1300162
Acton Academy Venice Beach,545,A1700094
Rogers New Technology High School,547,051197001586
Phoenix Modern,549,040099003649
Gowan Science Academy,550,040240003323
Tanque Verde High School,551,040828002550
Arabia Mountain High School - Academy of Engineering- Medic,552,130174003915
Ivy Academy Inc.,554,470159002220
Grayson High School,555,130255002387
IDEA Frontier College Preparatory,556,480021111952
Young Women's Preparatory Academy,558,120039007016
Holladay Intermediate Magnet School,559,040880000851
Veterans Memorial Early College H S,560,481168012029
Valle Verde Early College H S,561,484668011982
Salem Academy Charter School,562,250008401847
Jimmy Carter Early College High School,563,482613010825
Phillips Academy,564,00603199
[Non-Operating School] RISE Academy,565,530807002355
Sequoyah School,566,BB180115
Springhouse Community School,567,
Swiftwater Alternative High School,568,530135002987
The Sycamore School,569,
Two Rivers School,570,530804002158
Utah Schools for the Deaf and the Blind,571,
School to Purpose Academies,572,
Southern Nevada Urban Micro Academy ,573,
Dayspring Academy,575,120153004426
Conductive Education Center of Orlando,576,
North Florida School of Special Education,577,
Jacksonville School for Autism,578,
Chautauqua Charter School,579,120009005431
My Reflection Matters Village,580,
Vimenti School,581,720003001945
Bridges Academy,582,
White River Valley Middle School,583,500042600545
Coquillard Elementary School,584,181029001644
Beta Academy,585,480144613188
Foundation School of Autism - San Antonio,586,480020713927
Asu Preparatory Academy Digital,587,040096503556
Texas Tech University K-12,588,
Personalized Learning Preparatory at Sam Houston,589,481623001283
CityLab High School,591,481623013553
Nazareth Prep,593,
A Vito Martinez Middle School,594,174007004037
The Williamsburg High School of Art and Technology,595,360011905896
Kennelly School,596,090192000368
School 9 - Dr. Martin Luther King Jr.,597,362475003384
The Exploris School,598,370004302358
Coatimundi Middle School,600,040752002768
New Harmony High Institute,601,220030402457
Highlander Elementary Charter,602,440003100524
360 High School,603,440090000492
The 1881 Institute,604,
8 Million Stories,605,
Build UP,606,A1900008
La Luz,607,
Legacy Classical Christian Academy,608,A1190082
OpenEd,609,
Portal Schools,610,
Samuel Everett School of Innovation,611,470030002557
Unidos Homeschool Cooperative,612,
Wild Rose Montessori,613,
Gary Middle College,614,180010202535
 [Non-Operating School] Oceti Sakowin Educational Learning Center,615,
Katahdin Middle/High School,616,231483800397
The Innovation Center of St. Vrain Valley Schools,617,
Vista Innovation and Design Academy,619,064119006825
Atlas Public Schools,620,
Da Vinci Connect TK-8,621,060229313702
Georgia Fugees Academy Charter School,622,130026304378
Dallas Hybrid Preparatory at Stephen J. Hay,623,481623014139
La Promesa,624,
Lumen High School,625,530035003770
Magic City Acceptance Academy,626,010021102505
Phoenix International Academy,627,040097503596
Rainier Valley Leadership Academy,628,530034203602
Brooklyn International High School,629,360009101371
Crotona International High School,630,360008706247
South Bronx Academy for Applied Media,631,360008405785
Marsh Avenue Expeditionary Learning School,632,360010306006
Urban Assembly Unison School,633,360009106366
Hunter's Point Community Middle School,634,360010206441
STREAM School at Hamilton Middle School,635,261740001319 (parent school)
Waxpool Elementary,636,510225003060
Goshen Post Elementary,637,510225003046
Prospect Academy,638,
"Roxbury Roots Montessori, Inc.",639,
Valor Preparatory Academy of Arizona,640,040098803680
University Heights Secondary School - Bronx Community College,641,360008400749
Arturo A. Schomburg Satellite Academy Bronx,642,360009006218
DeKalb Brilliance Academy,643,130585104459
Compass Academy,646,160153001043
Ignite Institute,647,2100289
Praxium Mastery Academy,648,
Portland Middle School,649,262912006499
Hamilton High School,650,261740005416
Washington Middle School,651,260769004354
Portland High School,652,262912006497
Dolores Huerta Middle School,653,063543014549
Colchester High School,654,500324000087
Kilombo Academic and Cultural Institute,655,
Lucama Elementary,656,370502002002
David H. Petree Elementary,657,370150002451
Ross Elementary,658,481800001591
St. Patrick Catholic School,659,00259009
One World Middle School,660,360008806259
Great Minds Virtual,661,
[Non-Operating School] Capitol Learning Academy,662,A1990177
Global Citizens Public Charter School,663,110011600545
Phoenix International School of the Arts,664,
Capital Experience Lab,665,
[Non-Operating School] I Dream Public Charter School,666,110011400538
Capital Village Public Charter School,667,110011200536
Heartwood Agile Learning Center,668,
Batesburg-Leesville Primary School,669,450276000745
Dr. William W. Henderson K-12 Inclusion School,671,250279000952
Tapestry Public Charter School,672,130174004159
Cecilton Elementary School,673,240024000562
Fenway High School,674,250279000695
Odessa High School,675,100008000390
Antrim Elementary School,676,330248000065
Charlotte Central School,677,500039600084
Creative Minds International,678,110008400440
Ruby Bridges Elementary School,679,530591003746
Bennett Day School,680,
Windham Woods School,681,
Compass Community Collaborative School,682,080399006762
Lighthouse Holyoke,683,
Mastery School of Hawken,684,A9702662
Innovation Lab High School,685,530591003747
A School Without Walls,686,
Academy of Advanced Learning,687,080234006736
Alabama Aerospace and Aviation High School,688,010021302528
Alma Fuerte Public School,689,060240814146
Altura Preparatory School,690,350017801138
Aventura Community School,691,
Becoming Collegiate Academy,692,120048008966
BELIEVE Circle City High School,693,180022302708
Bostonia Global K-14,694,060256214589
Breakthrough Charter School,695,010020802503
Bronx Legacy High School,696,360115806600
BRICK Achieve Middle School,697,340079203419
Brooklyn Laboratory Charter School,698,"360111106493, 360118606645"
Building 21 Allentown,699,420228007623
Butler Academy,700,450390101737
Caliber ChangeMakers Academy,701,060158214030
Carter G. Woodson College Preparatory Academy,702,210186002525
Catalyst: Bremerton,703,530034703723
Compass Rose Harvest,704,
Coperni 3,705,080002006784
Discovery Early College High School,706,
Empower Community School,707,
Endazhi-Nitaawiging Charter School,708,270048405570
Gotham Tech,709,
Growth Public Schools,710,060218314124
Hayward Collegiate Charter School,711,
High School of Commerce,712,251113001806
Ignite Middle School,713,481623013825
Kansas City Girls Prep Academy,714,290061503364
Las Américas ASPIRA Academy,715,100005000342
LEEP Dual Language Academy,716,360120506696
MS 935,717,360012006739
Marin's Community School,718,069101809230
McClure Health Science High School,719,130255004344
Montessori Elementary at Highland Park,720,470159002652
MS 371 SEED: Harlem,721,360008106713
Nichols Intermediate Academy of Leadership,722,050042101669
Oxford Day Academy,723,060201614082
Phalen Leadership Academy @ 103,724,180021800834
Pinnacles Prep,725,530035203807
Rise STEM Academy for Girls,726,210186002513
Rodriguez Elementary,727,483897013738
Seckinger High School,728,130255004425
Solar Preparatory School for Boys,729,481623013841
The Genius School,730,
URBAN ACT Academy,731,180019202640
West Dallas STEM School,732,
Why Not You Academy,733,
THRIVE Community School,734,350018901166
Acceleration Day and Evening Academy,735,010019702432
Acceleration Preparatory Academy,736,010019702527
Achievers Early College Prep Charter School,737,340079403457
Zeta Bronx Tremont Park Elementary,738,360121906717
Impact | Commencement Bay Elementary,739,530035403782
Impact | Salish Sea Elementary,740,530034803749
Synergy at Fremont Middle School,741,160177000805
Elevate Academy Nampa,742,160020301165
KIPP Beyond Middle School,743,360122706735
LEAD Charter School,744,340078803423
Chelsea Opportunity Academy,745,250354002890
Opportunity Academy at Holyoke High School,746,
Nowell Academy,747,440002400483
Zeta Inwood,748,360117106637
Zeta Mount Eden,749,360121806716
Liberty STEAM Charter School,750,450390101741
Maritime High School,751,530354003793
The Leadership School,752,
University High School,753,
Rio Rico High School,754,040752001036
Choice Learning Academy,755,040060000015
Cibola High School,756,040963001388
San Luis High School,757,040963003076
Zuni High School,758,350280000676
Aggie Academy,759,
Perry Ingenuity Institute,760,
Great Hearts Online,762,480144114170
Skyline High School,763,062805004315	
Robert F. Smith STEAM Academy,764,080336006821
Ednovate Virtual Academy,765,
Purdue Polytechnic High School - Broad Ripple,766,180021102685
Purdue Polytechnic High School - South Bend,767,180021402689
Icon Preparatory School Jacksonville,768,
Aventuras Forest School,769,
UP Academy,770,A1992179
Keres Children's Learning Center,771,A1990541
AIM Academy,772,BB081524
St. Benedict's Preparatory School,773,
Phoenix Coding Academy,775,040633003509
PXU City,776,040633003701
Anderson Institute of Technology,777,450391101720
EVOLVE Academy,778,
Oakes Public School,779,
Hartford Area Career and Technology Center,780,500459000093
Bismarck Career Academy and Technical Center,781,
The Primary School of East Palo Alto,782,A1900804
Margarita Muñiz Academy,783,250279002753
Manchester High School,784,090231000424
Rogers High School,785,440072000159
The New School of San Francisco,786,060243913939
California Area High School,787,420471004203
Arthur Ashe Charter School,788,220019200947
Langston Hughes Charter Academy,789,220020600976
Champlain Valley Union High School,790,500039600082
Greater Lawrence Technical School,791,250547002267
Kairos Academies,792,290061603362
Navajo Preparatory School,793,590011600144
[Non-Operating School] Blue School,794,A1101633
The Nueva School,795,00089169
Schools of Perea,796,470014802544
Belleville Township High School Alternative Day Program,797,
Codman Academy Charter School,799,250007001667
Libertas School of Memphis,800,470015702437
Rooted School Vancouver,801,531017103924
Maureen Joy Charter School,802,370002202089
VALE - Venture Academy of Leadership and Entrepreneurship,803,080345006873
Kyrene Aprende Middle School,804,040423000653
Campus School,805,470014801025
IDEA School,806,
Koshkonong Trails School,807,550210003093
Katahdin Elementary School,808,231483800398
The Lab School of Memphis,809,
West Hawaii Explorations Academy,810,150003000265
Alturas International Academy,811,160017501082
Herron High School,812,180005802315
Global Preparatory Academy,813,180017002610
Colossal Academy,814,A2392081
Edison School of Innovation,815,040097803585
Innovation Academy,816,040068003517
Segue Institute for Learning,817,440001400472
City High School,818,040040702404
River Montessori High School,819,
Vanguard Academy of Broken Arrow,820,
Milestone Democratic School,821,550008503136
Bow High School,822,330195000563
Miss Porter's School,823,00233206
Compass Academy,824,
Heron School,825,
Pomfret School,826,00232949
James Madison High School,828,510126000532
 [Non-Operating School] Buckeye Friends School,829,
Desert View High School,830,040817001438
Cascades Academy,831,
Davis Connect 7-12,832,490021001598
Iron Online,833,
Wak̇aŋyeja Ki Ṫokeyaḣc̄i,834,360007803603
Charles Carroll Barrister Elementary School,835,240009000153
Kahuku Elementary School,836,150003000236
Washington Fields Intermediate,837,490114001555
Vertex Partnership Academies,838,
Academy for Global Citizenship,839,170993006035
Freedom Prep Academy,840,490006200992
Timpanogos High School,841,490003000362
Ogden High School,842,490072001271
Westwood High School,843,040497000419
Kimberly Park Elementary,844,370150000615
CityLab Innovation High School,845,251005001659
Monument Mountain Regional High School,846,250253000154
Margaret Hearne Elementary School,847,370502002003
Upton High School,848,560609000401
Dondero School,849,330582000373
Ellemercito Academy,850,
Gem Prep Online,853,160017200846
Jackson Hole Classical Academy,855,A2000010
Savannah Legacy Academy,856,
Springfield Legacy Academy,857,51113002917
Tyee High School,858,530354000555
Prichard Preparatory School,859,A0900016
Hollister Prep,860,060232013525
Launch Expeditionary Learning Charter School,861,360105906349
Girls Athletic Leadership School - Los Angeles,863,060146613973
Jumoke Academy,864,090000700747
Breakthrough Village Prep Cliffs,865,390136805528
The Foundations School,867,A2192162
Coker-Wimberly Elementary,868,370132000553
Breakthrough Montessori Public Charter School,870,110010400507
Hialeah Gardens High School,871,120039006229
Innovation Heights Academy,872,530354002967
Old Brook High School Parma Campus,873,
Frederick Douglass High School,874,
Liberty High School,875,390159505936
Science Prep Academy,876,
Owensboro Innovation Academy,877,210459002411
Aiken New Tech High School,878,390437504417
Samueli Academy,879,060205113076
Soar Academy School and Tutoring Center,880,A2192188
Detroit Achievement Academy,881,260104808503
Valor Academy Middle School,882,060167912510
Transformative Leadership Academy,883,
H.D. Cooke Elementary,884,110003000100
Raisbeck Aviation High School,885,530354002974
Indi-ED,886,
Eagle Rock,887,A9500930
Liberty Collegiate Academy,888,470318002263
Mountain Academy at Teton Valley,889,A0509060
CREATE Conservatory,890,A2100935
DreamHouse ‘Ewa Beach,891,150003000305
Eagle Academy High School,892,160210000466
Aldine Young Women's Leadership Academy,893,480771014248
Ermel Elementary,894,480771000067
American Indian Magnet School,895,273384002303
Txuj Ci HMong Lower Campus,896,273384001619
Txuj Ci HMong Upper Campus,897,273384005541
McDonald Middle School,898,483039003409
Winyan Wakan Owayawa - Our Lady of Lourdes,899,01282139
Mountain View High School,900,040497000406
Morgan Oliver School,901,A2192191
Harris Elementary,902,480771008260
Whittier Elementary School,903,040497000421
Southern University Lab School,904,220002301921
Saint Philip the Apostle School,905,
Old Sturbridge Academy,908,250058702877
Heritage Charter Academy,909,160015901017
The Marin School of Environmental Leadership,910,
JPS-Tougaloo Early College High School,911,
Kyrene de las Manitas Innovation Academy,912,040423000677
Oakland High,913,062805004304
Atlanta Unbound,914,130026104376
Brookstone School,915,A0302359
SailFuture Academy,916,A2100974
Valiant Cross Academy,917,
Gordon Bernell Charter School,918,350006001040
Florida A&M University Developmental Research School,919,120201402974
The Innovation School,921,A1903406
Environmental Charter High School – Lawndale,922,060207608718
Advanced Learning Academy,923,483873013447
School of Hope,924,A1903389
St. George School,925,231482000710
West Virginia Academy,927,540165201611
Logos Academy,929,A0108928
Optima Classical Academy Online,930,
Odyssey Leadership Academy,931,A2103036
Chestnut TAG Middle School,932,251113002840
Valor College Prep,934,
Durango Transitional Learning Center,935,
Alternative Choices in Education at Brookline High School,936,
Amp Lab at Electric Works,937,
"Leaders to Legends Academy, Inc.",938,
Positive Tomorrows,939,A1101878
Madrona Folk School,940,
Pathfinder Kindergarten Center,941,530543003595
Whittier Community School,942,020080000372
Voyage School,943,
Tatitlek Community School,944,020080000371
Hope Academy,945,040386003535
Winton Woods Middle School at North Campus,946,390440801021
The LAB - Purdue Polytechnic Microschool,982,
Helen Keeling Elementary School ,983,040068000026
George Washington Elementary School,984,470219000715
Paul Revere Innovation School,985,
Insight Colearning Center,986,A2102873
University Middle School,987,470014802590
Tessellations School,988,A2300475
Lynnhaven School,989,A1904577
Rock Tree Sky,990,
REALM Creative Academy,991,
Mountain Community School,992,160019301121
Wohlwend Elementary,994,292067001124
James & Grace Lee Boggs School,995,260105108518
Summit Charter School,997,370002902321
Gatewood Elementary,998,271426001880
Eagles Academy,999,551398003171
STEAM Academy,1000,210186002341
Jenison Innovation Academy,1001,261983008230
The Field Academy,1002,
Richford Jr Sr High School,1003,500044400256
Oneness-Family Montessori High School,1004,A1902270
 [Non-Operating School] Compass School,1005,A0109624
Homestead Collaborative College High School,1006,AA890655
EF Academy Pasadena,1007,
Étude High School,1008,551365002859
Cedar High School,1009,530790003753
The Cottonwood School of Civics and Science,1010,410000901734
Rock River Elementary School,1011,560073000453
The Academy of Seminole,1012,400080302873
Heritage Elementary School,1013,402938002727
Oklahoma Aviation Academy,1014,
Summit Atlas,1015,530034303611
Central Hardin High School,1016,210249000528
Montessori del Mundo,1017,080002006602
Mountain Middle School,1018,080002006502
New Tech Academy at Wayne High School,1019,
North Heights Community School,1020,051311001733
Detroit Lakes High School,1021,271023000442
Parkside Montessori ,1022,063492005916
Boston Green Academy,1023,250052602703
Lyon High School,1024,250279002674
Prospect Hill Academy,1025,250004600819
Puente De Hozho Bilingual Magnet School,1026,040286002097
Merrimack Valley High School,1027,330476000284
Sci Tech High School,1028,251113000901
Boston International Newcomers Academy,1029,250279002015
Dermott High School,1030,050517000239
Helen M Marshall School,1031,360009806179
Abigail Adams School ,1033,360010102483
Port Richmond School for Visionary Learning ,1034,360010306590
Curtis School,1035,360010302102
Academy of Innovation at Remington,1036,292370001419
Parkway Central Middle School,1037,292358001547
Palo Alto High School,1038,062961004596
Gateway Middle School,1039,060186112800
Gateway High School,1040,060242607725
Bunker Hill Elementary School,1041,110003000111
Hage Elementary School,1042,063432010057
Spokane Public Montessori,1043,530825003502
McComb High School,1044,280288000556
Middleton High School,1045,160213000377
Gilroy Preparatory School,1046,
Marvell-Elaine Elementary,1047,050951000696
Summit Sierra,1048,530033403510
Union City Jr.-Sr. High School,1049,180318000415
High School of Health Science (HS^2),1050,550351002988
R.L. Turner High School,1051,483444012910
Roybal Learning Center,1052,062271012295
Mc^2 Stem High School,1053,390437805476
The Wildlands School,1055,550063002586
City Academy,1056,270895500016
Terra Nova,1057,270040304850
Southwest Miami High Academy of Finance,1058,120039000615
Goodwill Excel Center,1059,110010500508
Science Academy,1060,483715000429
Ann Richards School for Young Women Leaders,1061,480894011354
STEM Magnet at Mountlake Terrace High School,1063,530240000356
Bronx High School for Law & Community Service,1064,360008705185
Bronx Latin,1065,360009005689
Bronx High School of Science,1066,360008701922
 [Non-Operating School] North Bronx School of Empowerment,1067,360008805800
Metropolitan Arts Academy,1069,080723001232
Wells Station Elementary School,1070,470014801171
The Meyer Levin School for the Performing Arts,1071,360009602795
Shawash-iliʔi Skul,1072,
Newton South High School,1073,250861001375
[Non-Operating School] The Primary School East Bay,1074,
Cajon Valley Middle School,1075,060681000607
Newton North High School,1076,250861001374
Bronx Center for Science and Mathematics,1077,360008605794
Glenview Avenue Elementary School,1078,340633001530
Tubman Elementary,1079,110003000074
Kennedy Elementary School (Lindsay USD),1080,062187012815
Orchard STEM School,1081,390437800526
New Pathways Academy,1082,360008606642
Horizon Middle School,1083,317239001104
Elm City Montessori,1085,090021601683
Westbrook High School,1086,231356000623
Sunset Beach Elementary School,1087,150003000024
West Edgecombe Middle School,1088,370132000560
Kennedy Academy,1089,181029001663
Jersey City Global Charter School,1090,340076703251
Godsman Elementary,1091,080336000354
Lake Elmo Elementary School,1092,
DeWitt Clinton Elementary School,1093,170993000664
Neighborhood Charter School of Harlem,1094,360107706308
G.W. Carver Elementary School,1095,370132000552
New Liberty Innovation School,1096,251038002864
Thurgood Marshall Academy Public Charter High School,1097,110003400249
East Fort Worth Montessori Academy,1098,480025509603
Penn Hills Charter School of Entrepreneurship,1099,
LPS Hayward,1100,060181510737
Brooklyn Urban Garden Charter School,1101,360110006402
Great Oaks Kathleen Sherry Charter School,1102,360108506376
Garrison Elementary School,1103,110003000171
Animas High School,1104,080002006418
Kwiyagat Community Academy,1105,080002006828
AXIS International Academy,1106,080002006768
Colorado International Language Academy,1107,080002006586
Pan American International High School,1108,360009806084
MET Professional Academy,1109,
Leaders of Tomorrow Middle School,1110,360008805969
New Roads,1111,A1900585
BASIS Independent Manhattan Upper School,1112,A1790364
Power Center Academy Hickory Hill Elementary School,1113,470014802429
The Forest School Online,1114,
New England Innovation Academy,1115,A2102074
Sora,1116,A2190344
Eminence Elementary,1118,210171000333
Brookline High School,1119,250315000415
Brooklyn STEAM,1120,
Science Leadership Academy Middle School,1121,421899007592
International Academy at Francis Hammond Middle School,1122,
Cherry Creek Innovation Campus,1123,
Pewaukee High School,1124,551164001537
The Match High School and Career Center,1582,
James E. Dottke Project-Based Learning High School,1588,551626002490
Sussex School,1589,A9103914
Watershed School,1592,A0700370
"AECI 1 - The NYC Charter School for Architecture, Engineering, and Construction Industries",1593,360095906073
Global Concepts Charter School,1594,360006704861
Health Sciences Charter School,1595,360102206239
Charter School For Applied Technologies,1596,360002504349
The Portage School Of Leaders,1597,181324002777
Jefferson County Open School,1598,"080480006256, 080480000765"
The Stead School,1599,080258006832
Gran Via Education,1600,
Boston Teachers Union,1601,250279002687
John J. Duggan Academy,1602,251113002599
Washtenaw International High School,1603,268099008147
Elizabeth City-Pasquotank Public Schools Micro School,1604,
Notre Dame de Sion High School for Girls,1605,A1702259
High Marq Environmental Charter School,1607,550987002821
Kind Academy Coral Springs,1608,
Kalon Prep Academy,1609,270047405441
E.C.H.O. Charter School (Every Child Has Opportunities),1611,270013902718
BlueSky Online,1612,270019303146
Warwick Community School,1617,251332302950
Kindle Education,1619,348036606161
The Village School,1620,A1990829
New Hampshire Career Academy,1621,339998210055
Denver Green School Northfield,1622,080336006790
Mark Twain Dual Language Academy,1623,483873013563
Brooklyn Emerging Leaders Academy Charter School,1624,360116006622
Phillips Middle School,1625,370132000556
Kujawa Elementary,1626,480771009556
Forte Preparatory Academy Middle School,1627,360116406623
Legacy College Prep,1628,360115806600
Greater Dayton School,1629,A2390427
Math Engineering and Science Academy Charter School (MESA Bushwick),1631,360109306429
ABQ Charter Academy,1632,350006000893
Bingham Academy,1633,160016901067
Meridian Medical Arts Charter High School,1634,160210000804
Academy Of Collaborative Education,1635,228011110440
CAST Med High School,1636,483873013894
IYC Iovine And Young Center,1637,062271014652
Collins Middle School,1638,251038002404
Cottonwood Elementary School,1639,350030001156
Hawaii Technology Academy ‘Ewa Beach,1640,
Hawaii Technology Academy Kona,1641,
Hawaii Technology Academy Waipahu,1642,150003000295
Hawaii Technology Academy Kīhei,1643,
Hawaii Technology Academy Lāhainā,1644,
Hawaii Technology Academy Līhuʻe Kaua'i,1645,
Milwaukee Academy of Science,1646,550004202234
North Star Academy Washington Park High School,1647,340002400289
Rio Grande High School,1648,350006000100
Old Mill Elementary School,1650,210075001578
Seattle World School,1651,530771001311
Highline High School,1653,530354000531
Appoquinimink High School,1654,100008000225
Bronx Excellence 2,1655,360114206578
Lowell Elementary,1656,301857000574
The Academies of Danbury High School,1657,090102000150
Desert Edge High School,1658,040045002273
Washington Latin - Cooper Campus,1659,110001900779
Washington Latin - 2nd Street Campus,1660,110001900423
Global Village Academy Aurora,1661,080234006318
Global Village Academy – North,1662,080002006503
Narragansett High School,1663,440066000151
Alpha School,1664,
CAST Lead,1665,481785013877
CAST Tech,1666,483873013665
Nash Central Middle,1667,370327001345
Rocky Mount Middle,1668,370327003272
Durant Road Middle School,1669,370472000942
Union Hill Elementary,1670,370192000854
South Valley High,1671,064030006663
Forest Hills Middle,1672,370502002191
Lafayette Preparatory Academy,1673,290060603223
University Preparatory Charter School For Young Men High School,1674,360100806204
Legal Prep Charter Academy,1675,170993006241
The Urban Assembly Early College High School of Emergency Medicine (ECHEM),1676,360007706372
Circulos High School at Advanced Learning Academy,1677,063531014192
Flourish,1678,
Clear Creek Middle & High School,1679,080300000217
SLAM Miami,1680,120039008621
Shields Elementary School,1681,484415005014
Rhode Island Nurses Institute Middle College Charter High School,1682,
Horizon Science Academy Columbus High,1683,390004202978
Muskegon Lakeshore High School & Career Center ,1684,
Pinnacle Charter School,1685,080002001915
Sendero School of Academics and Career Preparation (Sendero Prep) ,1686,350016801019
MicroSociety Academy Charter School ,1687,330330200721
West Michigan Aviation Academy,1688,260097708183
Sacramento School of Engineering & Science,1689,
Palm Beach School for Autism,1690,120150004127
South Shore Charter School,1691,368098106778
Comp Sci High,1692,360118206634
STEM School Chattanooga,1693,470159002298
Beehive Academy,1694,490002301060
GATES High School,1695,530294001769
CHOICE Academy,1696,530354002640
Carlsbad Intermediate School: PR Leyva campus,1697,350030000169
Desert Willow Elementary,1698,350030001118
Englewood Elementary,1699,370327000726
James and Rosemary Phalen Leadership Academy High School,1700,180021502701
Nature's Gift Microschool (Indiana Microschool Collaborative),1701,
Career Institute South,1702,
Career Institute East,1705,
Career Institute North,1706,
SouthTech Preparatory,1707,
SouthTech Academy,1708,
Perspectives/IIT Math & Science Academy,1710,170993006514
Perspectives Middle Academy,1711,
Rodney D. Joslin Campus,1712,170993006503
Perspectives Leadership Academy,1714,170993006437
Perspectives High School of Technology,1715,170993006441
CWC West Valley Elementary & Middle School,1716,
CWC East Valley,1718,
CWC Mar Vista Elementary and Middle School,1719,060218613088
CWC Silverlake Middle School,1722,060227013114
CWC Silverlake Elementary School,1723,060227013114
University Preparatory Charter School For Young Men Middle School,1724,360100806204
Hempstead Elementary School,1725,360099706131
Hempstead Upper Elementary School,1726,360099706131
Hempstead Middle School,1727,360099706131
Hempstead High School,1728,360099706131
The Academy Charter School - Uniondale,1729,360116906639
The Academy Charter School – Wyandanch,1730,
Elevate Academy North,1731,160020201164
Elevate Academy East,1732,160351601187
Elevate Academy Twin Falls,1733,