"school_name","canopy_id","nces_school_id","nces_school_type"
"Academies of Hampton",2,510180002973,"Public district school"
"The Academy of Advanced Learning",3,80234006736,NA
"Albemarle Road Elementary School",4,370297001186,"Public district school"
"Alpena Career Tech Education Center",5,260273003984,"Public district school"
"Amana Academy",6,130228003535,"Public charter school"
"American Academy of Innovation",7,490018601483,"Public charter school"
"Armada High School",9,260324004042,"Public district school"
"Asa Messer Elementary School",10,440090000213,"Public district school"
"Aspire Richmond Tech",12,60154713891,"Public charter school"
"Atlanta Speech School",13,298853,NA
"Austin Road Elementary School",14,130282000378,"Public district school"
"Avalon School",15,270018703140,"Public charter school"
"Avanti High School",16,530618002689,"Public district school"
"Aveson Global Leadership Academy",17,60218112028,"Public charter school"
"Barbara Morgan STEM Academy",18,160210000639,"Public district school"
"Barrington Middle School",19,440003000002,"Public district school"
"Berrien Springs Virtual School",21,260543008175,"Public district school"
"Blackstone Academy Charter School",22,440003600246,"Public charter school"
"Booneville High School",23,280082001024,"Public district school"
"Boston Day and Evening Academy",24,250004901245,"Public charter school"
"Bronx Arena High School",25,360008506258,"Public district school"
"Canon City High School",26,80279000172,"Public district school"
"Casco Bay High School",27,230993000603,"Public district school"
"Center Line High School - Wall to Wall Academies",28,260858004404,"Public district school"
"Central Elementary School",29,440057000134,"Public district school"
"Charles W. Eliot PreK-8th Grade School",30,390437800440,"Public district school"
"Charles R. Drew Charter School",31,130012002453,"Public charter school"
"Charlotte Lab School",32,370039103375,"Public charter school"
"Chastain Road Elementary",33,450333001565,"Public district school"
"Childersburg Middle School",34,10318001756,"Public district school"
"CICS West Belden",35,170993006475,"Public charter school"
"Cisco Elementary",36,481407000888,"Public district school"
"Citizens of the World Hollywood",37,60205012708,"Public charter school"
"City Garden Montessori School",38,290058503101,"Public charter school"
"Clarendon High School",39,50435000164,"Public district school"
"Coahoma Early College High School",40,280110000137,NA
"CodeRVA Regional High School",41,510025603031,"Public district school"
"Columbia Heights Educational Campus (CHEC)",42,110003000396,"Public district school"
"Columbia High School",43,160234000870,"Public district school"
"Common Ground High School",44,90001400807,"Public charter school"
"Compass Academy",46,80336006645,"Public charter school"
"Leaders of Excellence, Advocacy, and Discovery (LEAD)",47,360008406382,"Public district school"
"Conservatory Lab Charter School",48,250006001439,"Public charter school"
"Crosstown High",49,470014802548,"Public charter school"
"Dan D. Rogers Elementary School",50,481623001342,"Public district school"
"DC Bilingual Public Charter School",53,110004200273,"Public charter school"
"[Non-Operating School] Denver School of Innovation and Sustainable Design",54,80336006640,"Public district school"
"Derry Elementary",55,483525003987,"Public district school"
"Design Tech High School",56,60232413774,"Public charter school"
"Design39Campus",57,63153013729,"Public district school"
"Digital Pioneers Academy",58,110010900521,"Public charter school"
"Du Bois Integrity Academy",59,130023704193,"Public charter school"
"Duchesne High School",60,490024000162,"Public district school"
"e3 Civic High",61,60235013288,"Public charter school"
"East College Prep",63,60196813898,"Public charter school"
"USC Hybrid High College Prep",64,60234513094,"Public charter school"
"Elmer G Bondy Intermediate",65,483432004691,"Public district school"
"Ember Charter School for Mindful Education; Innovation; and Transformation",66,360104806255,"Public charter school"
"[Non-Operating School] Empower Community High School",67,80234006781,NA
"Envision Academy",68,60161410947,"Public charter school"
"EPiC Elementary",69,291854003253,"Public district school"
"Evergreen Community Charter School",70,370007802430,"Public charter school"
"Fannie Lou Hamer Freedom High School",71,360009001327,"Public district school"
"Farmington High School (UT)",72,490021001537,"Public district school"
"Farmington High School (CT)",73,90156000273,"Public district school"
"Strive Prep - Federal",74,80336002012,"Public charter school"
"Oakland FlexTech High School",75,260104308495,"Public charter school"
"Flushing International High School",76,360012205727,"Public district school"
"Francis T Maloney High School",77,90240000441,"Public district school"
"Francis W. Parker Charter Essential School",78,250003800581,"Public charter school"
"Frank McCourt High School",79,360007806185,"Public district school"
"Fred Tjardes School of Innovation",80,80441006719,"Public district school"
"Future Public School",81,160018101100,"Public charter school"
"Garden City",82,440024000050,"Public district school"
"Gem Prep Nampa",83,160020501080,"Public charter school"
"Gibson Ek High School",84,530375003588,"Public district school"
"Girls Athletic Leadership Middle School",85,80336006473,"Public charter school"
"Goochland High School",86,510165000686,"Public district school"
"Green Valley Ranch",87,80336006546,"Public charter school"
"Grow Academy Shafter",88,60209114186,"Public charter school"
"Gwendolyn Brooks College Preparatory Academy",89,170993002031,"Public district school"
"Hamilton County Collegiate High at Chattanooga State",90,470159001416,"Public district school"
"Mott Haven Academy",91,360096006013,"Public charter school"
"High Tech High",92,60175308599,"Public charter school"
"Highfalls Elementary School",93,370309001319,"Public district school"
"Highline Big Picture",94,530354002976,"Public district school"
"Holmes Central High School",95,280019501488,"Public district school"
"Holyoke High School",96,250627000900,"Public district school"
"Horizons Alternative Education School",97,260769001863,"Public district school"
"Howard Middle School for Math and Science",98,110005800308,"Public charter school"
"IDEA Toros College Preparatory",99,480021113514,"Public charter school"
"Urban Discovery High School",100,60155112318,"Public charter school"
"Impact | Puget Sound Elementary",101,530034503653,"Public charter school"
"Innovations High School",102,320048000869,"Public district school"
"[Non-Operating School] Iroquois High School",103,210299000753,"Public district school"
"John Barry Elementary School",104,90240000445,"Public district school"
"Juab High School",105,490045000334,"Public district school"
"[Non-Operating School] Kent Innovation High School",106,268062008464,NA
"Ketcham",107,110003000176,"Public district school"
"Kettle Moraine Explore",108,550351002914,"Public charter school"
"KIPP Academy Lynn Collegiate",109,250008201845,"Public charter school"
"KIPP Liberation",110,480026411548,"Public charter school"
"Latitude High School",111,60151414257,"Public charter school"
"[Non-Operating School] Launch Network at Stedman Elementary",112,80336000411,"Public district school"
"Lexington 4 Early Childhood Center",113,450279001548,"Public district school"
"Liberty Elementary School",114,240009000270,"Public district school"
"Lincoln Middle School (IL)",115,170606000288,"Public district school"
"Lindsay Unified High School",116,62187002595,"Public district school"
"Lodestar",117,60175514027,"Public charter school"
"Logan Innovations",118,490051000351,"Public district school"
"Madison Palmer High School",119,280381000730,"Public district school"
"Magnolia Montessori For All",120,480144212915,"Public charter school"
"Manual Academy",121,173123003274,"Public district school"
"Map Academy Charter School",122,250058902885,"Public charter school"
"Maple Street Magnet School",123,330594000709,"Public district school"
"Meadows Valley School PK-12",124,160206000826,"Public district school"
"Mena High School",125,50975000713,"Public district school"
"Meridian Technical Charter High School",126,160210000759,"Public charter school"
"MetWest",127,62805011350,NA
"Mill Creek Middle School",128,261203000738,"Public district school"
"Mineola Elementary",129,483093003479,"Public district school"
"Minnesota New Country School",130,270009202487,"Public charter school"
"[Non-Operating School] Mission Hill K-8 School",131,250279000946,NA
"Mission Vista High School",132,64119012341,"Public district school"
"Montpelier High School",133,500041000199,"Public district school"
"Native American Community Academy",134,350006000918,"Public charter school"
"Nativity of Mary Catholic School",135,701232,NA
"Nettleton High School",137,51044000762,"Public district school"
"New Haven Academy",138,90279000547,"Public district school"
"New Legacy Charter School",139,80002006661,"Public charter school"
"Noble High School",140,231470000512,"Public district school"
"Norris Academy",141,551071003072,"Public charter school"
"North Edgecombe High School",142,370132000555,"Public district school"
"North Little Rock Middle School - 6th Grade Campus",143,51068001678,"Public district school"
"Northside Elementary School",144,51197000956,"Public district school"
"Nottingham Elementary School",145,484110004684,"Public district school"
"NYC iSchool",146,360007706065,"Public district school"
"Oakland High School",147,470369001523,"Public district school"
"Ocean Bay Middle School",149,450249001458,"Public district school"
"Orlo Avenue Elementary",151,440033000103,"Public district school"
"Pangburn High School",152,51107000835,"Public district school"
"Park View Elementary",153,370312001335,"Public district school"
"Parker-Varney Elementary",154,330459000254,"Public district school"
"Pasodale Elementary School",155,484668005332,"Public district school"
"Pea Ridge Primary/Intermediate",156,50303000071,"Public district school"
"Piedmont High School",157,402397001272,"Public district school"
"Pinckney Community High School",158,262814006385,"Public district school"
"Pine Tree Elementary School",159,330249000079,NA
"Pioneer Ridge Middle School",160,270819003180,"Public district school"
"Pittsfield Middle High School",161,330573000366,"Public district school"
"Polaris Charter Academy",162,170993005919,"Public charter school"
"Port Huron High School",163,262883006475,"Public district school"
"Purdue Polytechnic High School - Englewood",165,180018302632,"Public charter school"
"Radford High School",166,510318001345,"Public district school"
"Red Bank Elementary",167,450270001269,"Public district school"
"Reiche Community School",168,230993000273,"Public district school"
"River Bluff High School",169,450270001626,"Public district school"
"Rochester Middle School",170,330594000395,"Public district school"
"Rocky Mountain School of Expeditionary Learning",171,80000400709,"Public district school"
"Rooted School New Orleans",172,220033102529,"Public charter school"
"Salem Church Elementary",173,510084000348,"Public district school"
"Salem High School (VA)",174,510346002043,"Public district school"
"Saluda Trail Middle School",175,450387000537,"Public district school"
"Sanborn Regional High School",176,330608000479,"Public district school"
"Schoolcraft High School",177,263102006732,"Public district school"
"Science and Math Institute",178,530870003286,"Public district school"
"Scott Central High School",179,280390000748,"Public district school"
"SEEQS: the School for Examining Essential Questions of Sustainability",180,150003000298,"Public charter school"
"Shamrock Garden Elementary School",181,370297001271,"Public district school"
"Shannon High School",182,481023013066,"Public district school"
"Shawnee High School",183,402757001463,"Public district school"
"Siloam Springs High School Conversion Charter",184,51245001003,"Public charter school"
"Silverton School",185,80657001136,"Public district school"
"Sinai Elementary School",186,510177002769,"Public district school"
"Soaring Heights Pk-8",188,80537006739,"Public district school"
"Social Justice Humanitas Academy",189,62271012895,"Public district school"
"The Social Justice School",190,110011500539,"Public charter school"
"Solar Preparatory School for Girls",191,481623013321,"Public district school"
"South Rowan High School",192,370405001629,"Public district school"
"Souhegan Coop High School",193,330626000034,"Public district school"
"St. Alphonsus Catholic School",194,699844,NA
"Statesmen College Preparatory Academy for Boys PCS",195,110011000518,"Public charter school"
"Stilwell High School",196,402871001512,"Public district school"
"Rocky Mountain Prep - RISE",197,80336006689,"Public charter school"
"Stuttgart Junior High School",198,51296001249,"Public district school"
"Summit Prep",199,60228711981,"Public charter school"
"Taft Primary School",200,172076002358,"Public district school"
"Taos Academy Charter School",201,350011801055,"Public charter school"
"Temple View Elementary",202,160153000269,"Public district school"
"The Creative School",203,110003000013,"Public district school"
"The Metropolitan Regional Career and Technical Center",204,440000300121,"Public district school"
"The NET Charter High School: Gentilly",205,220029302439,"Public charter school"
"The Young Women's Leadership School of Astoria",206,360010205948,"Public district school"
"Don Tyson School of Innovation",207,51266001633,"Public charter school"
"TRIO Wolf Creek Distance Learning Charter School",208,270023502689,"Public charter school"
"Two Rivers Public Charter School: 4th Street Campus",209,110004500279,"Public charter school"
"UCLA Community School",210,62271012524,"Public district school"
"Urban Assembly Maker Academy",211,360007706463,"Public district school"
"Urban Montessori Charter School",212,60181613008,"Public charter school"
"Valley New School",213,550039003341,"Public charter school"
"Valley View Middle School",214,271125002035,"Public district school"
"Valor Flagship Academy",215,470318002423,"Public charter school"
"Valor Voyager Academy",216,470318002432,"Public charter school"
"Vilas Elementary School",217,330299000120,"Public district school"
"Waimea Canyon Middle School",218,150003000092,"Public district school"
"Warren County High School",219,470435001749,"Public district school"
"Washington Leadership Academy",220,110010300510,"Public charter school"
"Waukesha STEM Academy Saratoga Campus",221,551578002023,"Public charter school"
"Weber Elementary",222,481428009249,"Public district school"
"West Side Collaborative Middle School",223,360007803603,NA
"West Woods Upper Elementary School",224,90156001368,"Public district school"
"Wheeling High School",225,170417000117,"Public district school"
"White Mountains Regional High School",226,330705000454,"Public district school"
"William Smith High School",228,80234000084,"Public district school"
"Winterboro High School",229,10318001226,"Public district school"
"Wynne Intermediate School of Innovation",231,51443001173,"Public district school"
"Ysleta Elementary School",232,484668005346,"Public district school"
"Cesar E. Chávez Multicultural Academic Center",233,170993000411,"Public district school"
"Virtual Learning Academy",234,330327100679,"Public charter school"
"International School of the Americas",235,483294007513,"Public district school"
"5280 High School",236,80336006756,"Public charter school"
"ACE Leadership High School",237,350006001074,"Public charter school"
"Altona Middle School",238,80537001886,"Public district school"
"Aspen Valley Prep Academy",240,60171410775,"Public charter school"
"Avonworth High School",241,420282005199,"Public district school"
"Benjamin Banneker Charter Public School",242,250002200514,"Public charter school"
"Bennington Junior-Senior High School",243,200396000165,"Public district school"
"Big Picture Educational Academy",244,60182912427,"Public charter school"
"Big Picture South Burlington at South Burlington High School",245,500747000294,"Public district school"
"Blessed Sacrament Catholic School",246,1507405,NA
"Boston Arts Academy",248,250279001128,"Public district school"
"Brockton High School",249,250309000385,"Public district school"
"Camden BPL Academy",250,340264000579,"Public district school"
"Coastal Leadership Academy",252,450390901615,NA
"ConVal Regional High School",254,330248000067,"Public district school"
"Cornerstone Academy for Social Action Middle School (CASA)",255,360008806107,"Public district school"
"Da Vinci RISE High",256,60221514355,"Public charter school"
"DC International school",257,110009700492,"Public charter school"
"Del Lago Academy",258,61291013061,"Public district school"
"Dighton Elementary School",259,200555001294,"Public district school"
"Dighton Junior-Senior High School",260,200555001296,"Public district school"
"DSST: Montview High School",261,80336001833,"Public charter school"
"Durango Big Picture High School",262,80348006597,"Public district school"
"Eisenhower Elementary",263,261482005178,"Public district school"
"Eliza Chappell Elementary School",265,170993000658,"Public district school"
"Energy Institute High School",267,482364013046,"Public district school"
"Environmental Charter School",268,420081206819,"Public charter school"
"EPIC Academy at Lamoille Union High School",269,500039700171,"Public district school"
"Escuela Verde",270,550006902920,"Public charter school"
"Fulton Academy of Science and Technology",272,130228004259,"Public charter school"
"Galileo STEM Academy",274,160210000945,"Public district school"
"Glenwood Elementary",275,291518000691,"Public district school"
"Great Oaks Legacy Charter School",277,340075103180,"Public charter school"
"Greater Egleston High School",278,250279000837,"Public district school"
"Happy Hollow Elementary School",279,50612000321,"Public district school"
"Harrison High School",280,80453000667,"Public district school"
"Health Leadership High School",281,350006001098,"Public charter school"
"Henry Ford Academy",282,260017101040,"Public charter school"
"Highland Academy Charter School",283,20018000555,"Public charter school"
"Hillbrook School",285,83054,NA
"Huntley High School",286,171983002247,"Public district school"
"Ida B. Wells Middle School",287,110003000524,"Public district school"
"Innovation Academy at Pembroke Academy",289,330558000359,"Public district school"
"Integrated Arts Academy",290,270819004310,"Public district school"
"International High School at Langley Park",291,240051001738,"Public district school"
"Intrinsic Charter School",292,170993006293,"Public charter school"
"John J. Cairns High School",294,62187005524,"Public district school"
"Journey Elementary",295,463135001288,"Public district school"
"Kennedy Elementary School",296,201284000723,"Public district school"
"LaFayette Big Picture at LaFayette Junior/Senior High School",297,361641001448,"Public district school"
"Lakeridge Elementary",298,530723001076,"Public district school"
"Lead Innovation Studio",299,292355003313,"Public district school"
"Leominster Center for Excellence",300,250678002779,"Public district school"
"Liberal High School",301,200873001286,"Public district school"
"Lincoln Middle School (AR)",302,50894001363,"Public district school"
"[Non-Operating School] Living School",303,220031402466,NA
"Lonoke High School",304,50906000642,"Public district school"
"Mapleton Early Career Preparation",305,80555001858,"Public district school"
"Achieve Community Charter School",306,340079203419,NA
"Marshall High School",307,50948000693,"Public district school"
"Matchbook Learning at Wendell Phillips",308,180019402642,"Public charter school"
"Met Sacramento High School",309,63384011194,"Public charter school"
"Methow Valley Independent Learning Center",310,530502002526,"Public district school"
"Nashville Big Picture High School",312,470318002136,"Public district school"
"Nawayee Center School",313,272124001903,"Public district school"
"New Orleans Accelerated High School",314,220032402498,"Public charter school"
"New Orleans Charter Science and Mathematics High School (SciHigh)",315,220028100234,"Public charter school"
"New Village Girls Academy",316,60157111631,"Public charter school"
"Newark East Side High School",317,341134002194,"Public district school"
"Newburgh Free Academy West",318,362070002910,"Public district school"
"Nipmuc Regional High School",319,250768001202,"Public district school"
"Big Picture Learning Windsor",320,60003414243,"Public district school"
"North Elementary School",321,540093001291,"Public district school"
"North Idaho STEM Charter Academy",322,160016001020,"Public charter school"
"Northeast Academy for Aerospace and Advanced Technologies",323,370039403360,"Public charter school"
"Northwest Passage High School",324,270017303041,"Public charter school"
"Odyssey STEM Academy",326,62985014236,"Public district school"
"Olympic Hills Elementary",327,530771001228,"Public district school"
"Opportunities Academy",329,220030902475,"Public charter school"
"Ottawa High School",330,200001500463,"Public district school"
"P.K. Yonge",331,120201502912,"Public district school"
"Pathways High",332,550007903064,"Public charter school"
"Paulo Freire Freedom School -Downtown",333,40040703448,"Public charter school"
"Paulo Freire Freedom School -University",334,40040702558,"Public charter school"
"Pequea Valley High School",335,421890002649,"Public district school"
"Pittsburgh Colfax K-8",336,421917006022,"Public district school"
"Positive Outcomes Charter School",337,100000500013,"Public charter school"
"Provident Heights Elementary",339,484428005052,"Public district school"
"R5 High School",340,80435000623,"Public district school"
"ReNew Dolores T. Aaron Elementary",342,220019502021,"Public charter school"
"Richards Middle School",343,261482005185,"Public district school"
"Rockcreek Elementary School",344,180036000079,"Public district school"
"Saint John Paul II",345,2120766,NA
"San Diego Met High School",346,63432011154,"Public district school"
"Science Leadership Academy",348,421899000923,"Public district school"
"Siembra Leadership High School",349,350006001117,"Public charter school"
"SMASH (Santa Monica Alternative School House)",350,63570007360,"Public district school"
"Sojourner Truth Montessori School",351,110011100535,"Public charter school"
"Somerville High School",352,251089001745,"Public district school"
"South Bronx Community Charter High School",353,360114706595,"Public charter school"
"Southside Elementary School",354,220102000771,"Public district school"
"SPARK School at Kyrene de las Manitas",355,40423000677,"Public district school"
"Stockton Elementary School",356,201206000401,"Public district school"
"Tacoma School of the Arts",357,530870002846,"Public district school"
"Technology Leadership High School",359,350006001112,"Public charter school"
"The Net: Central City",361,220018802340,"Public charter school"
"The Springfield Renaissance School",362,251113002137,"Public district school"
"Tri-County Early College High School",363,370078002892,"Public district school"
"University Academy Upper School",364,290002702808,"Public charter school"
"Van Ness Elementary School",366,110003000505,"Public district school"
"Vaux Big Picture High School",367,421899007661,"Public district school"
"Vista Grande Charter High School",369,350252001021,NA
"Waring School",370,2033839,NA
"Washtenaw Alliance for Virtual Education (WAVE)",371,268099008165,"Public district school"
"Welte Education Center",372,80408000096,"Public district school"
"Wickliffe High School",373,390450801986,"Public district school"
"Winchester Thurston School",374,1197399,NA
"Young Women's College Preparatory Academy",375,482364012621,"Public district school"
"Young Women's STEAM Research and Preparatory Academy",376,481830013596,"Public district school"
"Bard High School Early College - Manhattan",377,360007605621,"Public district school"
"Wilder High School",378,160348000530,"Public district school"
"Zeta Bronx 1 Elementary",379,360117706638,"Public charter school"
"Southeast Area Technical High School (SEA-TECH)",380,370333003439,"Public district school"
"Olympic High School",381,370297001255,"Public district school"
"Oxford Virtual Academy",383,262724008274,"Public district school"
"Gull Lake Virtual Partnership",384,261725008242,"Public district school"
"Woods Learning Center",385,560451000262,"Public district school"
"School of Industrial Design, Engineering and Art",386,530870003575,"Public district school"
"Madrona Elementary",387,530354000533,"Public district school"
"Frederick County Middle School",388,510147000649,"Public district school"
"Central Vermont Career Center",389,500044500119,NA
"River Bend Career & Technical Center",390,500043700118,"Public district school"
"Randolph Union High School",393,500040000042,"Public district school"
"Hazen Union High School",394,500824300343,"Public district school"
"Missisquoi Valley Union Middle and High School",395,500043300195,"Public district school"
"Quest Academy",396,490013201218,"Public charter school"
"Williams Elementary School",397,483432003856,"Public district school"
"Sam Houston Collegiate Preparatory Academy",398,483057003442,"Public charter school"
"Hilton Head Christian Academy",399,1611813,NA
"Legacy Prep",400,10020102472,"Public charter school"
"University Charter School",401,10019902452,"Public charter school"
"i3 Academy",402,10020402476,"Public charter school"
"Desert Spirit School",403,40342002281,"Public district school"
"Palo Verde Elementary School",404,40171000111,"Public district school"
"Western School of Science and Technology",405,40092403436,"Public charter school"
"Bioscience High School",406,40633002670,"Public district school"
"Batesville Junior High School",407,50001900042,"Public charter school"
"Felicitas and Gonzalo Mendez High",409,62271012438,"Public district school"
"CHIME Institute's Schwarzenegger Community",410,60149008724,"Public charter school"
"Tomorrow's Leadership Collaborative (TLC) Charter",411,60227214331,"Public charter school"
"Renaissance Arts Academy",412,60176611314,"Public charter school"
"Audeo Charter School II",413,60185514028,"Public charter school"
"Crete Academy",414,60147014100,"Public charter school"
"Yu Ming Charter School",415,60201312901,"Public charter school"
"Chrysalis Charter School",416,60225311800,"Public charter school"
"Grant Beacon Middle School",417,80336000357,"Public district school"
"Kepner Beacon Middle School",418,80336006686,"Public district school"
"Escuela Valdez",419,80336000420,"Public district school"
"McGlone Academy",420,80336001276,"Public district school"
"Great Oaks Bridgeport",421,90021901782,"Public charter school"
"Inspired Teaching Demonstration Public Charter School",422,110008000437,"Public charter school"
"Ballou Senior High School",423,110003000084,"Public district school"
"Anacostia High School",424,110003000085,"Public district school"
"Promise Academy",425,110003100419,"Public charter school"
"Center City Congress Heights",426,110007300412,"Public charter school"
"Eden Park Elementary School",427,440024000047,"Public district school"
"City Charter High School",428,420009400663,"Public charter school"
"The Workshop School",429,421899007548,"Public district school"
"Building 21 Philadelphia",430,421899007534,"Public district school"
"The U School",431,421899007547,"Public district school"
"Charles Page High School",432,402688001405,"Public district school"
"The Urban Assembly School for Green Careers",433,360007806148,"Public district school"
"Urban Assembly Charter School For Computer Science",434,360118206634,"Public charter school"
"Pelham Gardens Middle School",435,360008806322,"Public district school"
"PS 76 The Bennington School",436,360008802306,"Public district school"
"Community Roots Charter School",437,360015905898,"Public charter school"
"PS 206 Jose Celso Barbosa",438,360007902694,"Public district school"
"Jasper High School",439,50824000545,"Public district school"
"The Museum School of Avondale Estates",440,130174004039,"Public charter school"
"Clearmont Elementary",441,171377001711,"Public district school"
"Noblesville High School",442,180765001309,"Public district school"
"Rooted School Indianapolis",443,180022402709,"Public charter school"
"PilotED Bethel Park",444,180020202661,"Public charter school"
"Lewisburg Elementary",445,210354001545,"Public district school"
"Eminence High School",446,210171000332,"Public district school"
"Mālama Honua Public Charter School",447,150003000299,"Public charter school"
"Ke Kula ʻo Samuel M. Kamakau, LPCS",448,150003000276,"Public charter school"
"Ke Kula ʻo Nāwahīokalaniʻōpuʻu Iki, LPCS",449,150003000284,"Public charter school"
"Lycée Français de la Nouvelle Orléans",450,220015902331,"Public charter school"
"Bricolage Academy",451,220028902364,"Public charter school"
"Nokomis Regional High",452,231478500729,"Public district school"
"Mattanawcook Junior High School",453,231477700789,"Public district school"
"Ella Burr Elementary",454,231477700787,"Public district school"
"Uxbridge High School",455,251185001938,"Public district school"
"High School for the Recording Arts",456,270016002955,"Public charter school"
"Dził Ditł'ooi School of Empowerment, Action, and Perseverance (DEAP)",457,350017401113,"Public charter school"
"The Albuquerque Sign Language Academy",458,350012301066,"Public charter school"
"Newport High School",459,330531000342,"Public district school"
"Salem High School (NH)",460,330606000407,"Public district school"
"Paladin Career and Technical High School",465,270034304133,"Public charter school"
"KM Global",467,550351002876,"Public charter school"
"Da Vinci Communications",468,60150513832,"Public charter school"
"Da Vinci Science",469,60241612208,"Public charter school"
"Da Vinci Design",470,60197312410,"Public charter school"
"Woodstock Union Middle/High School",471,500045000395,"Public district school"
"Winooski Middle High School",473,500936000389,"Public district school"
"EdVisions Off Campus School",474,270026103319,"Public charter school"
"Wish Community School",476,60221314196,"Public charter school"
"Paramount Brookside",477,180008602478,"Public charter school"
"Central Queens Academy - Middle School",479,360105606317,"Public charter school"
"Manara Leadership Academy",480,480141513534,"Public charter school"
"Arlington STEM Academy",481,480141513108,"Public charter school"
"Irving Elementary",482,480141512439,"Public charter school"
"Detroit Prep",483,260104808796,"Public charter school"
"Tindley Summit Academy",494,180014802563,"Public charter school"
"PS 13 Clement C Moore",497,360009802081,"Public district school"
"Wilder Middle School",498,160348001091,"Public district school"
"Village High School",499,80192006434,"Public district school"
"Innovations Early College High School",500,490087001422,"Public district school"
"Launch High",501,490039001562,"Public district school"
"Liberty Academy",502,291854001665,"Public district school"
"DREAM Charter School",504,360096406038,"Public charter school"
"Mesita Elementary",507,481830001703,"Public district school"
"ARISE High",508,60246212040,"Public charter school"
"Winton Woods High School",509,390440801018,"Public district school"
"Creativity Challenge Community",510,80336006559,"Public district school"
"Nyos Charter School",511,480005808056,"Public charter school"
"Career Academy High School",517,180010102521,"Public charter school"
"Richland Two Institute of Innovation (R2i2)",518,450339001554,NA
"PS 86 Kingsbridge Heights",519,360008702332,"Public district school"
"Penrose Elementary School",520,80396000516,"Public district school"
"Middle Park High School",521,80432000596,"Public district school"
"Yampa Valley High School",522,80666001924,"Public district school"
"Elevate Academy Caldwell",523,160018901113,"Public charter school"
"Charter School of San Diego",525,60187603939,"Public charter school"
"Crossroads FLEX",526,370472003402,"Public district school"
"Springs Studio for Academic Excellence",527,80387006462,"Public district school"
"KIPP Philadelphia Preparatory Academy",528,420012200758,"Public charter school"
"Brown County High School",529,180096000169,"Public district school"
"Helen S Dunn Elementary School",530,230618000165,"Public district school"
"Arsenal Technical High School",531,180477000801,"Public district school"
"Cabot School",532,500285000074,"Public district school"
"Turrill Elementary School",534,262118005837,"Public district school"
"Mead Senior High School",536,530492000749,"Public district school"
"Northern Cass High School",537,380004400138,"Public district school"
"Enosburg Falls Junior/Senior High School",539,500044400022,"Public district school"
"Clark Street Community School",541,550951002882,"Public charter school"
"Utah Career Path High School",542,490017101460,"Public charter school"
"Milton Senior High School",543,500561000125,"Public district school"
"Rogers New Technology High School",547,51197001586,"Public charter school"
"Phoenix Modern",549,40099003649,"Public charter school"
"Gowan Science Academy",550,40240003323,"Public district school"
"Tanque Verde High School",551,40828002550,"Public district school"
"Arabia Mountain High School - Academy of Engineering- Medic",552,130174003915,"Public district school"
"Ivy Academy Inc.",554,470159002220,"Public charter school"
"Grayson High School",555,130255002387,"Public district school"
"IDEA Frontier College Preparatory",556,480021111952,"Public charter school"
"Young Women's Preparatory Academy",558,120039007016,"Public district school"
"Holladay Intermediate Magnet School",559,40880000851,"Public district school"
"Veterans Memorial Early College H S",560,481168012029,"Public district school"
"Valle Verde Early College H S",561,484668011982,"Public district school"
"Salem Academy Charter School",562,250008401847,"Public charter school"
"Jimmy Carter Early College High School",563,482613010825,"Public district school"
"Phillips Academy",564,603199,NA
"[Non-Operating School] RISE Academy",565,530807002355,"Public district school"
"Swiftwater Alternative High School",568,530135002987,"Public district school"
"Two Rivers School",570,530804002158,"Public district school"
"Dayspring Academy",575,120153004426,"Public charter school"
"Chautauqua Charter School",579,120009005431,"Public charter school"
"Vimenti School",581,720003001945,"Public charter school"
"White River Valley Middle School",583,500042600545,"Public district school"
"Coquillard Elementary School",584,181029001644,"Public district school"
"Beta Academy",585,480144613188,"Public charter school"
"Foundation School of Autism - San Antonio",586,480020713927,"Public charter school"
"Asu Preparatory Academy Digital",587,40096503556,"Public charter school"
"Personalized Learning Preparatory at Sam Houston",589,481623001283,"Public district school"
"CityLab High School",591,481623013553,"Public district school"
"A Vito Martinez Middle School",594,174007004037,"Public district school"
"The Williamsburg High School of Art and Technology",595,360011905896,"Public district school"
"Kennelly School",596,90192000368,"Public district school"
"School 9 - Dr. Martin Luther King Jr.",597,362475003384,"Public district school"
"The Exploris School",598,370004302358,"Public charter school"
"Coatimundi Middle School",600,40752002768,"Public district school"
"New Harmony High Institute",601,220030402457,"Public charter school"
"Highlander Elementary Charter",602,440003100524,"Public charter school"
"360 High School",603,440090000492,NA
"Samuel Everett School of Innovation",611,470030002557,"Public district school"
"Gary Middle College",614,180010202535,"Public charter school"
"Katahdin Middle/High School",616,231483800397,"Public district school"
"Vista Innovation and Design Academy",619,64119006825,"Public district school"
"Da Vinci Connect TK-8",621,60229313702,"Public charter school"
"Georgia Fugees Academy Charter School",622,130026304378,"Public charter school"
"Dallas Hybrid Preparatory at Stephen J. Hay",623,481623014139,"Public district school"
"Lumen High School",625,530035003770,"Public charter school"
"Magic City Acceptance Academy",626,10021102505,"Public charter school"
"Phoenix International Academy",627,40097503596,"Public charter school"
"Rainier Valley Leadership Academy",628,530034203602,"Public charter school"
"Brooklyn International High School",629,360009101371,"Public district school"
"Crotona International High School",630,360008706247,"Public district school"
"South Bronx Academy for Applied Media",631,360008405785,"Public district school"
"Marsh Avenue Expeditionary Learning School",632,360010306006,"Public district school"
"Urban Assembly Unison School",633,360009106366,"Public district school"
"Hunter's Point Community Middle School",634,360010206441,"Public district school"
"Waxpool Elementary",636,510225003060,"Public district school"
"Goshen Post Elementary",637,510225003046,"Public district school"
"Valor Preparatory Academy of Arizona",640,40098803680,"Public charter school"
"University Heights Secondary School - Bronx Community College",641,360008400749,"Public district school"
"Arturo A. Schomburg Satellite Academy Bronx",642,360009006218,"Public district school"
"DeKalb Brilliance Academy",643,130585104459,"Public charter school"
"Compass Academy",646,160153001043,"Public district school"
"Ignite Institute",647,2100289,NA
"Portland Middle School",649,262912006499,"Public district school"
"Hamilton High School",650,261740005416,"Public district school"
"Washington Middle School",651,260769004354,"Public district school"
"Portland High School",652,262912006497,"Public district school"
"Dolores Huerta Middle School",653,63543014549,"Public district school"
"Colchester High School",654,500324000087,"Public district school"
"Lucama Elementary",656,370502002002,"Public district school"
"David H. Petree Elementary",657,370150002451,"Public district school"
"Ross Elementary",658,481800001591,"Public district school"
"St. Patrick Catholic School",659,259009,NA
"One World Middle School",660,360008806259,"Public district school"
"Global Citizens Public Charter School",663,110011600545,"Public charter school"
"[Non-Operating School] I Dream Public Charter School",666,110011400538,"Public charter school"
"Capital Village Public Charter School",667,110011200536,"Public charter school"
"Batesburg-Leesville Primary School",669,450276000745,"Public district school"
"Dr. William W. Henderson K-12 Inclusion School",671,250279000952,"Public district school"
"Tapestry Public Charter School",672,130174004159,"Public charter school"
"Cecilton Elementary School",673,240024000562,"Public district school"
"Fenway High School",674,250279000695,"Public district school"
"Odessa High School",675,100008000390,"Public district school"
"Antrim Elementary School",676,330248000065,"Public district school"
"Charlotte Central School",677,500039600084,"Public district school"
"Creative Minds International",678,110008400440,"Public charter school"
"Ruby Bridges Elementary School",679,530591003746,"Public district school"
"Compass Community Collaborative School",682,80399006762,"Public charter school"
"Innovation Lab High School",685,530591003747,"Public district school"
"Academy of Advanced Learning",687,80234006736,NA
"Alabama Aerospace and Aviation High School",688,10021302528,"Public charter school"
"Alma Fuerte Public School",689,60240814146,"Public charter school"
"Altura Preparatory School",690,350017801138,"Public charter school"
"Becoming Collegiate Academy",692,120048008966,"Public charter school"
"BELIEVE Circle City High School",693,180022302708,"Public charter school"
"Bostonia Global K-14",694,60256214589,"Public charter school"
"Breakthrough Charter School",695,10020802503,"Public charter school"
"Bronx Legacy High School",696,360115806600,"Public charter school"
"BRICK Achieve Middle School",697,340079203419,NA
"Building 21 Allentown",699,420228007623,"Public district school"
"Butler Academy",700,450390101737,"Public charter school"
"Caliber ChangeMakers Academy",701,60158214030,"Public charter school"
"Carter G. Woodson College Preparatory Academy",702,210186002525,"Public district school"
"Catalyst: Bremerton",703,530034703723,"Public charter school"
"Coperni 3",705,80002006784,"Public charter school"
"Endazhi-Nitaawiging Charter School",708,270048405570,"Public charter school"
"Growth Public Schools",710,60218314124,"Public charter school"
"High School of Commerce",712,251113001806,"Public district school"
"Ignite Middle School",713,481623013825,"Public district school"
"Kansas City Girls Prep Academy",714,290061503364,"Public charter school"
"Las Américas ASPIRA Academy",715,100005000342,"Public charter school"
"LEEP Dual Language Academy",716,360120506696,"Public charter school"
"MS 935",717,360012006739,"Public district school"
"Marin's Community School",718,69101809230,"Public district school"
"McClure Health Science High School",719,130255004344,"Public district school"
"Montessori Elementary at Highland Park",720,470159002652,"Public charter school"
"MS 371 SEED: Harlem",721,360008106713,"Public district school"
"Nichols Intermediate Academy of Leadership",722,50042101669,NA
"Oxford Day Academy",723,60201614082,"Public charter school"
"Phalen Leadership Academy @ 103",724,180021800834,"Public charter school"
"Pinnacles Prep",725,530035203807,"Public charter school"
"Rise STEM Academy for Girls",726,210186002513,"Public district school"
"Rodriguez Elementary",727,483897013738,"Public district school"
"Seckinger High School",728,130255004425,"Public district school"
"Solar Preparatory School for Boys",729,481623013841,"Public district school"
"URBAN ACT Academy",731,180019202640,NA
"THRIVE Community School",734,350018901166,"Public charter school"
"Acceleration Day and Evening Academy",735,10019702432,"Public charter school"
"Acceleration Preparatory Academy",736,10019702527,"Public charter school"
"Achievers Early College Prep Charter School",737,340079403457,"Public charter school"
"Zeta Bronx Tremont Park Elementary",738,360121906717,"Public charter school"
"Impact | Commencement Bay Elementary",739,530035403782,"Public charter school"
"Impact | Salish Sea Elementary",740,530034803749,"Public charter school"
"Synergy at Fremont Middle School",741,160177000805,"Public district school"
"Elevate Academy Nampa",742,160020301165,"Public charter school"
"KIPP Beyond Middle School",743,360122706735,"Public charter school"
"LEAD Charter School",744,340078803423,"Public charter school"
"Chelsea Opportunity Academy",745,250354002890,"Public district school"
"Nowell Academy",747,440002400483,"Public district school"
"Zeta Inwood",748,360117106637,"Public charter school"
"Zeta Mount Eden",749,360121806716,"Public charter school"
"Liberty STEAM Charter School",750,450390101741,"Public charter school"
"Maritime High School",751,530354003793,"Public district school"
"Rio Rico High School",754,40752001036,"Public district school"
"Choice Learning Academy",755,40060000015,"Public district school"
"Cibola High School",756,40963001388,"Public district school"
"San Luis High School",757,40963003076,"Public district school"
"Zuni High School",758,350280000676,"Public district school"
"Great Hearts Online",762,480144114170,"Public charter school"
"Skyline High School",763,62805004315,"Public district school"
"Robert F. Smith STEAM Academy",764,80336006821,"Public district school"
"Purdue Polytechnic High School - Broad Ripple",766,180021102685,"Public charter school"
"Purdue Polytechnic High School - South Bend",767,180021402689,"Public charter school"
"Phoenix Coding Academy",775,40633003509,"Public district school"
"PXU City",776,40633003701,"Public district school"
"Anderson Institute of Technology",777,450391101720,"Public district school"
"Hartford Area Career and Technology Center",780,500459000093,"Public district school"
"Margarita Muñiz Academy",783,250279002753,"Public district school"
"Manchester High School",784,90231000424,"Public district school"
"Rogers High School",785,440072000159,"Public district school"
"The New School of San Francisco",786,60243913939,"Public charter school"
"California Area High School",787,420471004203,"Public district school"
"Arthur Ashe Charter School",788,220019200947,"Public charter school"
"Langston Hughes Charter Academy",789,220020600976,"Public charter school"
"Champlain Valley Union High School",790,500039600082,"Public district school"
"Greater Lawrence Technical School",791,250547002267,"Public district school"
"Kairos Academies",792,290061603362,"Public charter school"
"Navajo Preparatory School",793,590011600144,"Public district school"
"The Nueva School",795,89169,NA
"Schools of Perea",796,470014802544,"Public charter school"
"Codman Academy Charter School",799,250007001667,"Public charter school"
"Libertas School of Memphis",800,470015702437,"Public charter school"
"Rooted School Vancouver",801,531017103924,"Public charter school"
"Maureen Joy Charter School",802,370002202089,"Public charter school"
"VALE - Venture Academy of Leadership and Entrepreneurship",803,80345006873,"Public district school"
"Kyrene Aprende Middle School",804,40423000653,"Public district school"
"Campus School",805,470014801025,NA
"Koshkonong Trails School",807,550210003093,"Public charter school"
"Katahdin Elementary School",808,231483800398,"Public district school"
"West Hawaii Explorations Academy",810,150003000265,"Public charter school"
"Alturas International Academy",811,160017501082,"Public charter school"
"Herron High School",812,180005802315,"Public charter school"
"Global Preparatory Academy",813,180017002610,"Public charter school"
"Edison School of Innovation",815,40097803585,"Public charter school"
"Innovation Academy",816,40068003517,"Public district school"
"Segue Institute for Learning",817,440001400472,"Public charter school"
"City High School",818,40040702404,"Public charter school"
"Milestone Democratic School",821,550008503136,NA
"Bow High School",822,330195000563,"Public district school"
"Miss Porter's School",823,233206,NA
"Pomfret School",826,232949,NA
"James Madison High School",828,510126000532,"Public district school"
"Desert View High School",830,40817001438,"Public district school"
"Davis Connect 7-12",832,490021001598,"Public district school"
"Wak̇aŋyeja Ki Ṫokeyaḣc̄i",834,360007803603,NA
"Charles Carroll Barrister Elementary School",835,240009000153,"Public district school"
"Kahuku Elementary School",836,150003000236,"Public district school"
"Washington Fields Intermediate",837,490114001555,"Public district school"
"Academy for Global Citizenship",839,170993006035,"Public charter school"
"Freedom Prep Academy",840,490006200992,"Public charter school"
"Timpanogos High School",841,490003000362,"Public district school"
"Ogden High School",842,490072001271,"Public district school"
"Westwood High School",843,40497000419,"Public district school"
"Kimberly Park Elementary",844,370150000615,"Public district school"
"CityLab Innovation High School",845,251005001659,"Public district school"
"Monument Mountain Regional High School",846,250253000154,"Public district school"
"Margaret Hearne Elementary School",847,370502002003,"Public district school"
"Upton High School",848,560609000401,"Public district school"
"Dondero School",849,330582000373,"Public district school"
"Gem Prep Online",853,160017200846,"Public charter school"
"Springfield Legacy Academy",857,51113002917,NA
"Tyee High School",858,530354000555,"Public district school"
"Hollister Prep",860,60232013525,"Public charter school"
"Launch Expeditionary Learning Charter School",861,360105906349,"Public charter school"
"Girls Athletic Leadership School - Los Angeles",863,60146613973,"Public charter school"
"Jumoke Academy",864,90000700747,"Public charter school"
"Breakthrough Village Prep Cliffs",865,390136805528,"Public charter school"
"Coker-Wimberly Elementary",868,370132000553,"Public district school"
"Breakthrough Montessori Public Charter School",870,110010400507,"Public charter school"
"Hialeah Gardens High School",871,120039006229,"Public district school"
"Innovation Heights Academy",872,530354002967,"Public district school"
"Liberty High School",875,390159505936,"Public charter school"
"Owensboro Innovation Academy",877,210459002411,"Public district school"
"Aiken New Tech High School",878,390437504417,"Public district school"
"Samueli Academy",879,60205113076,"Public charter school"
"Detroit Achievement Academy",881,260104808503,"Public charter school"
"Valor Academy Middle School",882,60167912510,"Public charter school"
"H.D. Cooke Elementary",884,110003000100,"Public district school"
"Raisbeck Aviation High School",885,530354002974,"Public district school"
"Liberty Collegiate Academy",888,470318002263,"Public charter school"
"DreamHouse ‘Ewa Beach",891,150003000305,"Public charter school"
"Eagle Academy High School",892,160210000466,"Public district school"
"Aldine Young Women's Leadership Academy",893,480771014248,"Public district school"
"Ermel Elementary",894,480771000067,"Public district school"
"American Indian Magnet School",895,273384002303,"Public district school"
"Txuj Ci HMong Lower Campus",896,273384001619,"Public district school"
"Txuj Ci HMong Upper Campus",897,273384005541,"Public district school"
"McDonald Middle School",898,483039003409,"Public district school"
"Winyan Wakan Owayawa - Our Lady of Lourdes",899,1282139,NA
"Mountain View High School",900,40497000406,"Public district school"
"Harris Elementary",902,480771008260,"Public district school"
"Whittier Elementary School",903,40497000421,"Public district school"
"Southern University Lab School",904,220002301921,"Public district school"
"Old Sturbridge Academy",908,250058702877,"Public charter school"
"Heritage Charter Academy",909,160015901017,"Public charter school"
"Kyrene de las Manitas Innovation Academy",912,40423000677,"Public district school"
"Oakland High",913,62805004304,"Public district school"
"Atlanta Unbound",914,130026104376,"Public charter school"
"Gordon Bernell Charter School",918,350006001040,"Public charter school"
"Florida A&M University Developmental Research School",919,120201402974,"Public district school"
"Environmental Charter High School – Lawndale",922,60207608718,"Public charter school"
"Advanced Learning Academy",923,483873013447,"Public charter school"
"St. George School",925,231482000710,"Public district school"
"West Virginia Academy",927,540165201611,"Public charter school"
"Chestnut TAG Middle School",932,251113002840,"Public district school"
"Pathfinder Kindergarten Center",941,530543003595,"Public district school"
"Whittier Community School",942,20080000372,"Public district school"
"Tatitlek Community School",944,20080000371,"Public district school"
"Hope Academy",945,40386003535,"Public district school"
"Winton Woods Middle School at North Campus",946,390440801021,"Public district school"
"Helen Keeling Elementary School",983,40068000026,"Public district school"
"George Washington Elementary School",984,470219000715,"Public district school"
"University Middle School",987,470014802590,NA
"Mountain Community School",992,160019301121,"Public charter school"
"Wohlwend Elementary",994,292067001124,"Public district school"
"James & Grace Lee Boggs School",995,260105108518,"Public charter school"
"Summit Charter School",997,370002902321,"Public charter school"
"Gatewood Elementary",998,271426001880,"Public district school"
"Eagles Academy",999,551398003171,"Public charter school"
"STEAM Academy",1000,210186002341,"Public district school"
"Jenison Innovation Academy",1001,261983008230,"Public district school"
"Richford Jr Sr High School",1003,500044400256,"Public district school"
"Étude High School",1008,551365002859,"Public charter school"
"Cedar High School",1009,530790003753,"Public district school"
"The Cottonwood School of Civics and Science",1010,410000901734,"Public charter school"
"Rock River Elementary School",1011,560073000453,"Public district school"
"The Academy of Seminole",1012,400080302873,"Public charter school"
"Heritage Elementary School",1013,402938002727,"Public district school"
"Summit Atlas",1015,530034303611,"Public charter school"
"Central Hardin High School",1016,210249000528,"Public district school"
"Montessori del Mundo",1017,80002006602,"Public charter school"
"Mountain Middle School",1018,80002006502,"Public charter school"
"North Heights Community School",1020,51311001733,"Public district school"
"Detroit Lakes High School",1021,271023000442,"Public district school"
"Parkside Montessori",1022,63492005916,"Public district school"
"Boston Green Academy",1023,250052602703,"Public charter school"
"Lyon High School",1024,250279002674,"Public district school"
"Prospect Hill Academy",1025,250004600819,"Public charter school"
"Puente De Hozho Bilingual Magnet School",1026,40286002097,"Public district school"
"Merrimack Valley High School",1027,330476000284,"Public district school"
"Sci Tech High School",1028,251113000901,"Public district school"
"Boston International Newcomers Academy",1029,250279002015,"Public district school"
"Dermott High School",1030,50517000239,"Public district school"
"Helen M Marshall School",1031,360009806179,"Public district school"
"Abigail Adams School",1033,360010102483,"Public district school"
"Port Richmond School for Visionary Learning",1034,360010306590,"Public district school"
"Curtis School",1035,360010302102,"Public district school"
"Academy of Innovation at Remington",1036,292370001419,"Public district school"
"Parkway Central Middle School",1037,292358001547,"Public district school"
"Palo Alto High School",1038,62961004596,"Public district school"
"Gateway Middle School",1039,60186112800,"Public charter school"
"Gateway High School",1040,60242607725,"Public charter school"
"Bunker Hill Elementary School",1041,110003000111,"Public district school"
"Hage Elementary School",1042,63432010057,"Public district school"
"Spokane Public Montessori",1043,530825003502,"Public district school"
"McComb High School",1044,280288000556,"Public district school"
"Middleton High School",1045,160213000377,"Public district school"
"Marvell-Elaine Elementary",1047,50951000696,"Public district school"
"Summit Sierra",1048,530033403510,"Public charter school"
"Union City Jr.-Sr. High School",1049,180318000415,"Public district school"
"High School of Health Science (HS^2)",1050,550351002988,"Public charter school"
"R.L. Turner High School",1051,483444012910,"Public district school"
"Roybal Learning Center",1052,62271012295,"Public district school"
"Mc^2 Stem High School",1053,390437805476,"Public district school"
"The Wildlands School",1055,550063002586,"Public charter school"
"City Academy",1056,270895500016,"Public charter school"
"Terra Nova",1057,270040304850,"Public charter school"
"Southwest Miami High Academy of Finance",1058,120039000615,"Public district school"
"Goodwill Excel Center",1059,110010500508,"Public charter school"
"Science Academy",1060,483715000429,"Public district school"
"Ann Richards School for Young Women Leaders",1061,480894011354,"Public district school"
"STEM Magnet at Mountlake Terrace High School",1063,530240000356,"Public district school"
"Bronx High School for Law & Community Service",1064,360008705185,"Public district school"
"Bronx Latin",1065,360009005689,"Public district school"
"Bronx High School of Science",1066,360008701922,"Public district school"
"[Non-Operating School] North Bronx School of Empowerment",1067,360008805800,"Public district school"
"Metropolitan Arts Academy",1069,80723001232,"Public district school"
"Wells Station Elementary School",1070,470014801171,"Public district school"
"The Meyer Levin School for the Performing Arts",1071,360009602795,"Public district school"
"Newton South High School",1073,250861001375,"Public district school"
"Cajon Valley Middle School",1075,60681000607,"Public district school"
"Newton North High School",1076,250861001374,"Public district school"
"Bronx Center for Science and Mathematics",1077,360008605794,"Public district school"
"Glenview Avenue Elementary School",1078,340633001530,"Public district school"
"Tubman Elementary",1079,110003000074,"Public district school"
"Kennedy Elementary School (Lindsay USD)",1080,62187012815,"Public district school"
"Orchard STEM School",1081,390437800526,"Public district school"
"New Pathways Academy",1082,360008606642,"Public district school"
"Horizon Middle School",1083,317239001104,"Public district school"
"Elm City Montessori",1085,90021601683,"Public charter school"
"Westbrook High School",1086,231356000623,"Public district school"
"Sunset Beach Elementary School",1087,150003000024,"Public district school"
"West Edgecombe Middle School",1088,370132000560,"Public district school"
"Kennedy Academy",1089,181029001663,"Public district school"
"Jersey City Global Charter School",1090,340076703251,"Public charter school"
"Godsman Elementary",1091,80336000354,"Public district school"
"DeWitt Clinton Elementary School",1093,170993000664,"Public district school"
"Neighborhood Charter School of Harlem",1094,360107706308,"Public charter school"
"G.W. Carver Elementary School",1095,370132000552,"Public district school"
"New Liberty Innovation School",1096,251038002864,"Public district school"
"Thurgood Marshall Academy Public Charter High School",1097,110003400249,"Public charter school"
"East Fort Worth Montessori Academy",1098,480025509603,"Public charter school"
"LPS Hayward",1100,60181510737,"Public charter school"
"Brooklyn Urban Garden Charter School",1101,360110006402,"Public charter school"
"Great Oaks Kathleen Sherry Charter School",1102,360108506376,"Public charter school"
"Garrison Elementary School",1103,110003000171,"Public district school"
"Animas High School",1104,80002006418,"Public charter school"
"Kwiyagat Community Academy",1105,80002006828,"Public charter school"
"AXIS International Academy",1106,80002006768,"Public charter school"
"Colorado International Language Academy",1107,80002006586,"Public charter school"
"Pan American International High School",1108,360009806084,"Public district school"
"Leaders of Tomorrow Middle School",1110,360008805969,"Public district school"
"Power Center Academy Hickory Hill Elementary School",1113,470014802429,"Public charter school"
"Eminence Elementary",1118,210171000333,"Public district school"
"Brookline High School",1119,250315000415,"Public district school"
"Science Leadership Academy Middle School",1121,421899007592,"Public district school"
"Pewaukee High School",1124,551164001537,"Public district school"
"James E. Dottke Project-Based Learning High School",1588,551626002490,"Public district school"
"AECI 1 - The NYC Charter School for Architecture, Engineering, and Construction Industries",1593,360095906073,"Public charter school"
"Global Concepts Charter School",1594,360006704861,"Public charter school"
"Health Sciences Charter School",1595,360102206239,"Public charter school"
"Charter School For Applied Technologies",1596,360002504349,"Public charter school"
"The Portage School Of Leaders",1597,181324002777,"Public charter school"
"The Stead School",1599,80258006832,"Public charter school"
"Boston Teachers Union",1601,250279002687,"Public district school"
"John J. Duggan Academy",1602,251113002599,"Public district school"
"Washtenaw International High School",1603,268099008147,"Public district school"
"High Marq Environmental Charter School",1607,550987002821,"Public charter school"
"Kalon Prep Academy",1609,270047405441,"Public charter school"
"E.C.H.O. Charter School (Every Child Has Opportunities)",1611,270013902718,"Public charter school"
"BlueSky Online",1612,270019303146,"Public charter school"
"Warwick Community School",1617,251332302950,"Public district school"
"Kindle Education",1619,348036606161,"Public charter school"
"New Hampshire Career Academy",1621,339998210055,"Public charter school"
"Denver Green School Northfield",1622,80336006790,"Public district school"
"Mark Twain Dual Language Academy",1623,483873013563,"Public charter school"
"Brooklyn Emerging Leaders Academy Charter School",1624,360116006622,"Public charter school"
"Phillips Middle School",1625,370132000556,"Public district school"
"Kujawa Elementary",1626,480771009556,"Public district school"
"Forte Preparatory Academy Middle School",1627,360116406623,"Public charter school"
"Legacy College Prep",1628,360115806600,"Public charter school"
"Math Engineering and Science Academy Charter School (MESA Bushwick)",1631,360109306429,"Public charter school"
"ABQ Charter Academy",1632,350006000893,"Public charter school"
"Bingham Academy",1633,160016901067,"Public charter school"
"Meridian Medical Arts Charter High School",1634,160210000804,"Public charter school"
"Academy Of Collaborative Education",1635,228011110440,"Public charter school"
"CAST Med High School",1636,483873013894,"Public charter school"
"IYC Iovine And Young Center",1637,62271014652,"Public district school"
"Collins Middle School",1638,251038002404,"Public district school"
"Cottonwood Elementary School",1639,350030001156,"Public district school"
"Hawaii Technology Academy Waipahu",1642,150003000295,"Public charter school"
"Milwaukee Academy of Science",1646,550004202234,"Public charter school"
"North Star Academy Washington Park High School",1647,340002400289,"Public charter school"
"Rio Grande High School",1648,350006000100,"Public district school"
"Old Mill Elementary School",1650,210075001578,"Public district school"
"Seattle World School",1651,530771001311,"Public district school"
"Highline High School",1653,530354000531,"Public district school"
"Appoquinimink High School",1654,100008000225,"Public district school"
"Bronx Excellence 2",1655,360114206578,"Public charter school"
"Lowell Elementary",1656,301857000574,"Public district school"
"The Academies of Danbury High School",1657,90102000150,"Public district school"
"Desert Edge High School",1658,40045002273,"Public district school"
"Washington Latin - Cooper Campus",1659,110001900779,"Public charter school"
"Washington Latin - 2nd Street Campus",1660,110001900423,"Public charter school"
"Global Village Academy Aurora",1661,80234006318,"Public charter school"
"Global Village Academy – North",1662,80002006503,"Public charter school"
"Narragansett High School",1663,440066000151,"Public district school"
"CAST Lead",1665,481785013877,"Public charter school"
"CAST Tech",1666,483873013665,"Public charter school"
"Nash Central Middle",1667,370327001345,"Public district school"
"Rocky Mount Middle",1668,370327003272,"Public district school"
"Durant Road Middle School",1669,370472000942,"Public district school"
"Union Hill Elementary",1670,370192000854,"Public district school"
"South Valley High",1671,64030006663,"Public district school"
"Forest Hills Middle",1672,370502002191,"Public district school"
"Lafayette Preparatory Academy",1673,290060603223,"Public charter school"
"University Preparatory Charter School For Young Men High School",1674,360100806204,"Public charter school"
"Legal Prep Charter Academy",1675,170993006241,"Public charter school"
"The Urban Assembly Early College High School of Emergency Medicine (ECHEM)",1676,360007706372,"Public district school"
"Circulos High School at Advanced Learning Academy",1677,63531014192,"Public charter school"
"Clear Creek Middle & High School",1679,80300000217,"Public district school"
"SLAM Miami",1680,120039008621,"Public charter school"
"Shields Elementary School",1681,484415005014,"Public district school"
"Horizon Science Academy Columbus High",1683,390004202978,"Public charter school"
"Pinnacle Charter School",1685,80002001915,"Public charter school"
"Sendero School of Academics and Career Preparation (Sendero Prep)",1686,350016801019,"Public charter school"
"MicroSociety Academy Charter School",1687,330330200721,"Public charter school"
"West Michigan Aviation Academy",1688,260097708183,"Public charter school"
"Palm Beach School for Autism",1690,120150004127,"Public charter school"
"South Shore Charter School",1691,368098106778,"Public charter school"
"Comp Sci High",1692,360118206634,"Public charter school"
"STEM School Chattanooga",1693,470159002298,"Public district school"
"Beehive Academy",1694,490002301060,"Public charter school"
"GATES High School",1695,530294001769,"Public district school"
"CHOICE Academy",1696,530354002640,"Public district school"
"Carlsbad Intermediate School: PR Leyva campus",1697,350030000169,"Public district school"
"Desert Willow Elementary",1698,350030001118,"Public district school"
"Englewood Elementary",1699,370327000726,"Public district school"
"James and Rosemary Phalen Leadership Academy High School",1700,180021502701,"Public charter school"
"Perspectives/IIT Math & Science Academy",1710,170993006514,"Public charter school"
"Rodney D. Joslin Campus",1712,170993006503,"Public charter school"
"Perspectives Leadership Academy",1714,170993006437,"Public charter school"
"Perspectives High School of Technology",1715,170993006441,"Public charter school"
"CWC Mar Vista Elementary and Middle School",1719,60218613088,"Public charter school"
"CWC Silverlake Middle School",1722,60227013114,"Public charter school"
"CWC Silverlake Elementary School",1723,60227013114,"Public charter school"
"University Preparatory Charter School For Young Men Middle School",1724,360100806204,"Public charter school"
"Hempstead Elementary School",1725,360099706131,"Public charter school"
"Hempstead Upper Elementary School",1726,360099706131,"Public charter school"
"Hempstead Middle School",1727,360099706131,"Public charter school"
"Hempstead High School",1728,360099706131,"Public charter school"
"The Academy Charter School - Uniondale",1729,360116906639,"Public charter school"
"Elevate Academy North",1731,160020201164,"Public charter school"
"Elevate Academy East",1732,160351601187,"Public charter school"
